-- phpMyAdmin SQL Dump
-- version 4.8.5
-- https://www.phpmyadmin.net/
--
-- Host: 127.0.0.1
-- Generation Time: Sep 06, 2019 at 11:32 AM
-- Server version: 10.1.38-MariaDB
-- PHP Version: 7.3.4

SET SQL_MODE = "NO_AUTO_VALUE_ON_ZERO";
SET AUTOCOMMIT = 0;
START TRANSACTION;
SET time_zone = "+00:00";


/*!40101 SET @OLD_CHARACTER_SET_CLIENT=@@CHARACTER_SET_CLIENT */;
/*!40101 SET @OLD_CHARACTER_SET_RESULTS=@@CHARACTER_SET_RESULTS */;
/*!40101 SET @OLD_COLLATION_CONNECTION=@@COLLATION_CONNECTION */;
/*!40101 SET NAMES utf8mb4 */;

--
-- Database: `newproductapi`
--

-- --------------------------------------------------------

--
-- Table structure for table `categories`
--

CREATE TABLE `categories` (
  `id` bigint(20) UNSIGNED NOT NULL,
  `name` varchar(191) COLLATE utf8mb4_unicode_ci NOT NULL,
  `created_at` timestamp NULL DEFAULT NULL,
  `updated_at` timestamp NULL DEFAULT NULL
) ENGINE=InnoDB DEFAULT CHARSET=utf8mb4 COLLATE=utf8mb4_unicode_ci;

--
-- Dumping data for table `categories`
--

INSERT INTO `categories` (`id`, `name`, `created_at`, `updated_at`) VALUES
(1, 'quaerat', '2019-09-06 01:03:58', '2019-09-06 01:03:58'),
(2, 'aliquam', '2019-09-06 01:03:58', '2019-09-06 01:03:58'),
(3, 'harum', '2019-09-06 01:03:58', '2019-09-06 01:03:58'),
(4, 'quis', '2019-09-06 01:03:58', '2019-09-06 01:03:58'),
(5, 'velit', '2019-09-06 01:03:58', '2019-09-06 01:03:58'),
(6, 'est', '2019-09-06 01:03:58', '2019-09-06 01:03:58'),
(7, 'qui', '2019-09-06 01:03:58', '2019-09-06 01:03:58'),
(8, 'velit', '2019-09-06 01:03:58', '2019-09-06 01:03:58'),
(9, 'autem', '2019-09-06 01:03:58', '2019-09-06 01:03:58'),
(10, 'placeat', '2019-09-06 01:03:58', '2019-09-06 01:03:58');

-- --------------------------------------------------------

--
-- Table structure for table `migrations`
--

CREATE TABLE `migrations` (
  `id` int(10) UNSIGNED NOT NULL,
  `migration` varchar(191) COLLATE utf8mb4_unicode_ci NOT NULL,
  `batch` int(11) NOT NULL
) ENGINE=InnoDB DEFAULT CHARSET=utf8mb4 COLLATE=utf8mb4_unicode_ci;

--
-- Dumping data for table `migrations`
--

INSERT INTO `migrations` (`id`, `migration`, `batch`) VALUES
(11, '2014_10_12_000000_create_users_table', 1),
(12, '2014_10_12_100000_create_password_resets_table', 1),
(13, '2016_06_01_000001_create_oauth_auth_codes_table', 1),
(14, '2016_06_01_000002_create_oauth_access_tokens_table', 1),
(15, '2016_06_01_000003_create_oauth_refresh_tokens_table', 1),
(16, '2016_06_01_000004_create_oauth_clients_table', 1),
(17, '2016_06_01_000005_create_oauth_personal_access_clients_table', 1),
(18, '2019_09_04_010043_create_categories_table', 1),
(19, '2019_09_04_012900_create_products_table', 1),
(20, '2019_09_05_223602_create_contacts_table', 1);

-- --------------------------------------------------------

--
-- Table structure for table `oauth_access_tokens`
--

CREATE TABLE `oauth_access_tokens` (
  `id` varchar(100) COLLATE utf8mb4_unicode_ci NOT NULL,
  `user_id` bigint(20) DEFAULT NULL,
  `client_id` int(10) UNSIGNED NOT NULL,
  `name` varchar(191) COLLATE utf8mb4_unicode_ci DEFAULT NULL,
  `scopes` text COLLATE utf8mb4_unicode_ci,
  `revoked` tinyint(1) NOT NULL,
  `created_at` timestamp NULL DEFAULT NULL,
  `updated_at` timestamp NULL DEFAULT NULL,
  `expires_at` datetime DEFAULT NULL
) ENGINE=InnoDB DEFAULT CHARSET=utf8mb4 COLLATE=utf8mb4_unicode_ci;

-- --------------------------------------------------------

--
-- Table structure for table `oauth_auth_codes`
--

CREATE TABLE `oauth_auth_codes` (
  `id` varchar(100) COLLATE utf8mb4_unicode_ci NOT NULL,
  `user_id` bigint(20) NOT NULL,
  `client_id` int(10) UNSIGNED NOT NULL,
  `scopes` text COLLATE utf8mb4_unicode_ci,
  `revoked` tinyint(1) NOT NULL,
  `expires_at` datetime DEFAULT NULL
) ENGINE=InnoDB DEFAULT CHARSET=utf8mb4 COLLATE=utf8mb4_unicode_ci;

-- --------------------------------------------------------

--
-- Table structure for table `oauth_clients`
--

CREATE TABLE `oauth_clients` (
  `id` int(10) UNSIGNED NOT NULL,
  `user_id` bigint(20) DEFAULT NULL,
  `name` varchar(191) COLLATE utf8mb4_unicode_ci NOT NULL,
  `secret` varchar(100) COLLATE utf8mb4_unicode_ci NOT NULL,
  `redirect` text COLLATE utf8mb4_unicode_ci NOT NULL,
  `personal_access_client` tinyint(1) NOT NULL,
  `password_client` tinyint(1) NOT NULL,
  `revoked` tinyint(1) NOT NULL,
  `created_at` timestamp NULL DEFAULT NULL,
  `updated_at` timestamp NULL DEFAULT NULL
) ENGINE=InnoDB DEFAULT CHARSET=utf8mb4 COLLATE=utf8mb4_unicode_ci;

--
-- Dumping data for table `oauth_clients`
--

INSERT INTO `oauth_clients` (`id`, `user_id`, `name`, `secret`, `redirect`, `personal_access_client`, `password_client`, `revoked`, `created_at`, `updated_at`) VALUES
(1, NULL, 'Laravel Personal Access Client', 'QAZbytZdrsg3nr1IOliakMhcXGcNVVILjVVjyXu8', 'http://localhost', 1, 0, 0, '2019-09-06 01:13:06', '2019-09-06 01:13:06'),
(2, NULL, 'Laravel Password Grant Client', '9wk3DTEoDMQGDTLloq4ECeBnRFtbsV0CwLt9sDGk', 'http://localhost', 0, 1, 0, '2019-09-06 01:13:07', '2019-09-06 01:13:07');

-- --------------------------------------------------------

--
-- Table structure for table `oauth_personal_access_clients`
--

CREATE TABLE `oauth_personal_access_clients` (
  `id` int(10) UNSIGNED NOT NULL,
  `client_id` int(10) UNSIGNED NOT NULL,
  `created_at` timestamp NULL DEFAULT NULL,
  `updated_at` timestamp NULL DEFAULT NULL
) ENGINE=InnoDB DEFAULT CHARSET=utf8mb4 COLLATE=utf8mb4_unicode_ci;

--
-- Dumping data for table `oauth_personal_access_clients`
--

INSERT INTO `oauth_personal_access_clients` (`id`, `client_id`, `created_at`, `updated_at`) VALUES
(1, 1, '2019-09-06 01:13:07', '2019-09-06 01:13:07'),
(2, 3, '2019-09-06 01:13:27', '2019-09-06 01:13:27');

-- --------------------------------------------------------

--
-- Table structure for table `oauth_refresh_tokens`
--

CREATE TABLE `oauth_refresh_tokens` (
  `id` varchar(100) COLLATE utf8mb4_unicode_ci NOT NULL,
  `access_token_id` varchar(100) COLLATE utf8mb4_unicode_ci NOT NULL,
  `revoked` tinyint(1) NOT NULL,
  `expires_at` datetime DEFAULT NULL
) ENGINE=InnoDB DEFAULT CHARSET=utf8mb4 COLLATE=utf8mb4_unicode_ci;

-- --------------------------------------------------------

--
-- Table structure for table `password_resets`
--

CREATE TABLE `password_resets` (
  `email` varchar(191) COLLATE utf8mb4_unicode_ci NOT NULL,
  `token` varchar(191) COLLATE utf8mb4_unicode_ci NOT NULL,
  `created_at` timestamp NULL DEFAULT NULL
) ENGINE=InnoDB DEFAULT CHARSET=utf8mb4 COLLATE=utf8mb4_unicode_ci;

-- --------------------------------------------------------

--
-- Table structure for table `products`
--

CREATE TABLE `products` (
  `id` bigint(20) UNSIGNED NOT NULL,
  `category_id` bigint(20) UNSIGNED NOT NULL,
  `name` varchar(191) COLLATE utf8mb4_unicode_ci NOT NULL,
  `description` text COLLATE utf8mb4_unicode_ci NOT NULL,
  `price` int(11) NOT NULL,
  `image` varchar(191) COLLATE utf8mb4_unicode_ci NOT NULL,
  `color` varchar(191) COLLATE utf8mb4_unicode_ci NOT NULL,
  `user_id` bigint(20) UNSIGNED NOT NULL,
  `created_at` timestamp NULL DEFAULT NULL,
  `updated_at` timestamp NULL DEFAULT NULL
) ENGINE=InnoDB DEFAULT CHARSET=utf8mb4 COLLATE=utf8mb4_unicode_ci;

--
-- Dumping data for table `products`
--

INSERT INTO `products` (`id`, `category_id`, `name`, `description`, `price`, `image`, `color`, `user_id`, `created_at`, `updated_at`) VALUES
(1, 8, 'molestias', 'Est odio vero sit et possimus eligendi. Consequatur et quo sed perferendis ut et est. Sed occaecati nihil laboriosam est. Consequatur cumque ut sint nesciunt voluptates sed ut.', 754, 'https://lorempixel.com/640/480/?31583', '#2e3936', 2, '2019-09-06 01:03:59', '2019-09-06 01:03:59'),
(2, 4, 'natus', 'Omnis temporibus voluptates dolorem quia. Itaque non quis rem vero est ut in. Hic enim modi odio in veritatis tenetur.', 920, 'https://lorempixel.com/640/480/?15640', '#3e99df', 2, '2019-09-06 01:03:59', '2019-09-06 01:03:59'),
(3, 10, 'dolorum', 'Omnis enim et eum deserunt. Eaque aperiam optio eveniet possimus dolores sit. Reprehenderit quis cum dolore veritatis mollitia quis voluptatem.', 540, 'https://lorempixel.com/640/480/?46368', '#69e50c', 1, '2019-09-06 01:03:59', '2019-09-06 01:03:59'),
(4, 9, 'quam', 'Sapiente quia cumque deleniti saepe cumque. Excepturi quas commodi debitis sit. Sint reprehenderit porro odit occaecati beatae rem impedit.', 574, 'https://lorempixel.com/640/480/?22209', '#237ac8', 3, '2019-09-06 01:03:59', '2019-09-06 01:03:59'),
(5, 10, 'est', 'Deserunt eos maiores sit. Voluptas soluta magnam omnis enim. Qui cupiditate quae est et. Qui omnis eos explicabo numquam ut.', 930, 'https://lorempixel.com/640/480/?45546', '#91aa17', 5, '2019-09-06 01:03:59', '2019-09-06 01:03:59'),
(6, 1, 'sint', 'Odio debitis ipsam pariatur quo aut. Ut ducimus quam unde. Blanditiis enim suscipit vel deserunt.', 327, 'https://lorempixel.com/640/480/?44921', '#f848d7', 2, '2019-09-06 01:03:59', '2019-09-06 01:03:59'),
(7, 10, 'aut', 'Laudantium voluptates sunt rerum accusamus. Maiores et quia nobis aut aut. Inventore est nulla architecto qui. Cum error possimus et laudantium non aut nesciunt.', 250, 'https://lorempixel.com/640/480/?92586', '#07178e', 4, '2019-09-06 01:03:59', '2019-09-06 01:03:59'),
(8, 3, 'placeat', 'Delectus at rerum et voluptas. Id optio illum qui laborum. Eum in quis sed nihil et. Rem laboriosam architecto eum ipsum et minus tempore.', 814, 'https://lorempixel.com/640/480/?16882', '#d4f5de', 5, '2019-09-06 01:03:59', '2019-09-06 01:03:59'),
(9, 2, 'at', 'Rerum hic eum enim et quae. Omnis repellendus nesciunt voluptates nihil ullam. Quia et nulla sunt praesentium. Numquam maxime excepturi et ipsa voluptatem.', 848, 'https://lorempixel.com/640/480/?85695', '#689705', 1, '2019-09-06 01:03:59', '2019-09-06 01:03:59'),
(10, 1, 'tempora', 'Tempore voluptatibus maxime sunt doloribus et. Quae ratione repudiandae dignissimos reprehenderit impedit quis odit quia. Pariatur suscipit autem voluptatem labore.', 471, 'https://lorempixel.com/640/480/?24660', '#ff66c3', 1, '2019-09-06 01:04:00', '2019-09-06 01:04:00'),
(11, 10, 'sint', 'Quam ut quasi reiciendis porro. Vel inventore occaecati quasi qui unde quod. Eveniet corrupti id sint eum qui ipsam. Est omnis molestiae aut.', 324, 'https://lorempixel.com/640/480/?99105', '#a78006', 3, '2019-09-06 01:04:00', '2019-09-06 01:04:00'),
(12, 10, 'quam', 'Similique quia molestias vel ad ut consequatur. Ea voluptatibus officiis est perspiciatis libero placeat. Magni facere blanditiis quos alias necessitatibus ea. Sit molestiae officia rerum vel.', 109, 'https://lorempixel.com/640/480/?87823', '#049eec', 4, '2019-09-06 01:04:00', '2019-09-06 01:04:00'),
(13, 8, 'voluptatem', 'Ut rerum est in esse. Velit atque quidem sed facilis vel. Voluptatibus et voluptatem perspiciatis autem a. Rerum ullam fugit praesentium dicta id vitae.', 823, 'https://lorempixel.com/640/480/?46049', '#5c2b49', 3, '2019-09-06 01:04:00', '2019-09-06 01:04:00'),
(14, 7, 'quasi', 'Suscipit similique saepe officia error. Saepe similique aliquid fuga est commodi. Sunt facere et at possimus ut consequuntur ut. Inventore sit error molestiae error rem.', 500, 'https://lorempixel.com/640/480/?74640', '#fbd908', 4, '2019-09-06 01:04:00', '2019-09-06 01:04:00'),
(15, 3, 'aut', 'Autem dolorem labore numquam. Quod a modi porro et alias dolor non. Laborum tempore laudantium perspiciatis provident. Praesentium minus sequi voluptatem dolores sunt esse tempora illo.', 874, 'https://lorempixel.com/640/480/?20734', '#2365ef', 2, '2019-09-06 01:04:00', '2019-09-06 01:04:00'),
(16, 1, 'aperiam', 'Quisquam iste nemo delectus excepturi illo. Explicabo rem quia ipsam nulla accusamus nam aut. Iste reiciendis facilis numquam rerum et. Optio est id facilis ex voluptatem rerum sed impedit.', 248, 'https://lorempixel.com/640/480/?91924', '#e78a13', 5, '2019-09-06 01:04:00', '2019-09-06 01:04:00'),
(17, 4, 'quibusdam', 'Quis qui velit placeat repudiandae quisquam hic nisi quo. Eum repellendus sapiente consequatur deserunt odit nam dignissimos. Ratione libero necessitatibus reiciendis vero ducimus consequuntur vel incidunt. Quae est natus reiciendis iusto necessitatibus sed.', 209, 'https://lorempixel.com/640/480/?11112', '#311baa', 1, '2019-09-06 01:04:00', '2019-09-06 01:04:00'),
(18, 6, 'voluptatem', 'In est quis quidem in laudantium quibusdam ut. Impedit fugit aut vitae perspiciatis laboriosam et. Deserunt aspernatur libero qui id nobis. Dolores autem repellendus ut soluta eum aut modi.', 276, 'https://lorempixel.com/640/480/?90577', '#215f9d', 5, '2019-09-06 01:04:00', '2019-09-06 01:04:00'),
(19, 1, 'et', 'Omnis consequatur quis accusantium vitae repellat ullam. Aut architecto in officia unde. Dignissimos totam corporis maiores. Ut dolores omnis ut ex.', 754, 'https://lorempixel.com/640/480/?52673', '#42ec47', 5, '2019-09-06 01:04:00', '2019-09-06 01:04:00'),
(20, 5, 'repellat', 'Et alias a eveniet enim sapiente quis. Impedit accusantium autem quos nam. Incidunt sed doloribus unde vel numquam aliquam incidunt laboriosam. Et voluptatem hic nemo. Porro voluptas cum rerum sint qui laboriosam quos.', 383, 'https://lorempixel.com/640/480/?81206', '#9090bd', 1, '2019-09-06 01:04:00', '2019-09-06 01:04:00'),
(21, 10, 'aut', 'Nulla vel quisquam sed repellat accusamus voluptatum eligendi. Voluptatem aliquid exercitationem eligendi deserunt. Necessitatibus atque quis nisi officiis. Et impedit aut rerum voluptatem modi dignissimos. Perferendis nihil provident nisi eos maiores.', 960, 'https://lorempixel.com/640/480/?50120', '#3ba2e4', 4, '2019-09-06 01:04:00', '2019-09-06 01:04:00'),
(22, 8, 'repudiandae', 'Labore distinctio qui accusamus quod. Rerum quia vero maxime ut harum minima. Commodi ut vel dignissimos ab magnam officia pariatur. Quis doloribus aut qui et necessitatibus deleniti ipsam.', 364, 'https://lorempixel.com/640/480/?95515', '#1a4bf7', 5, '2019-09-06 01:04:00', '2019-09-06 01:04:00'),
(23, 6, 'minus', 'Dolores qui qui et qui. Suscipit sed vel repellendus velit.', 930, 'https://lorempixel.com/640/480/?68699', '#58e4fd', 4, '2019-09-06 01:04:00', '2019-09-06 01:04:00'),
(24, 7, 'alias', 'Exercitationem similique incidunt sit perspiciatis. Assumenda minima qui non accusamus aliquid earum. Laboriosam sunt repellat modi vel mollitia ipsa ab.', 906, 'https://lorempixel.com/640/480/?19815', '#44b88c', 4, '2019-09-06 01:04:00', '2019-09-06 01:04:00'),
(25, 4, 'expedita', 'Nesciunt qui voluptas et numquam vel repellat exercitationem. Atque voluptatibus quo quibusdam earum aut amet repudiandae et. Porro et autem omnis suscipit. Voluptatem vel maiores nam harum aut dolorum numquam aliquam.', 467, 'https://lorempixel.com/640/480/?88068', '#763499', 4, '2019-09-06 01:04:00', '2019-09-06 01:04:00'),
(26, 3, 'iure', 'Eius doloremque suscipit dicta veritatis minima occaecati sint eligendi. Itaque illo occaecati aspernatur labore adipisci aliquid aut. Quis molestiae et debitis totam alias totam.', 443, 'https://lorempixel.com/640/480/?24755', '#9066e1', 5, '2019-09-06 01:04:00', '2019-09-06 01:04:00'),
(27, 5, 'itaque', 'Sunt ab eligendi consequatur. Optio impedit vel optio reiciendis aliquam voluptatem hic aliquid. Quibusdam nemo non quo impedit.', 491, 'https://lorempixel.com/640/480/?25930', '#4aa4a9', 3, '2019-09-06 01:04:00', '2019-09-06 01:04:00'),
(28, 2, 'dolores', 'Optio laboriosam sed tenetur quisquam dolorem unde tempore quisquam. Deserunt et deleniti sed nisi eos est eum. Tenetur cupiditate rem sunt dolore ullam mollitia et.', 471, 'https://lorempixel.com/640/480/?36895', '#5c4742', 3, '2019-09-06 01:04:01', '2019-09-06 01:04:01'),
(29, 9, 'molestiae', 'Quis ipsum nostrum voluptas recusandae in in. Quaerat saepe mollitia sapiente sunt sit eos et.', 354, 'https://lorempixel.com/640/480/?38971', '#4acb56', 1, '2019-09-06 01:04:01', '2019-09-06 01:04:01'),
(30, 6, 'mollitia', 'Quia dolorum et quia voluptate. Ut possimus deleniti incidunt ratione quis eaque. Veritatis quibusdam soluta velit consectetur.', 975, 'https://lorempixel.com/640/480/?68674', '#be5248', 1, '2019-09-06 01:04:01', '2019-09-06 01:04:01'),
(31, 4, 'quo', 'Enim est ullam minus consectetur qui. Voluptate distinctio totam temporibus facilis veritatis molestiae. Expedita ipsa et magni optio libero. Vel quo et rerum excepturi est odio numquam.', 429, 'https://lorempixel.com/640/480/?60773', '#3d4f34', 5, '2019-09-06 01:04:01', '2019-09-06 01:04:01'),
(32, 6, 'eius', 'Sequi molestias quia voluptas sunt. Quo quam sint et illo fugiat recusandae. Iure nisi rem id veritatis praesentium totam.', 280, 'https://lorempixel.com/640/480/?12790', '#0a0c3b', 2, '2019-09-06 01:04:01', '2019-09-06 01:04:01'),
(33, 5, 'mollitia', 'Est fugiat voluptatem molestiae est est deserunt eaque fugit. Commodi ut sint dolorum. Omnis inventore provident laboriosam qui.', 467, 'https://lorempixel.com/640/480/?37690', '#939c89', 2, '2019-09-06 01:04:01', '2019-09-06 01:04:01'),
(34, 4, 'dolores', 'Magni eaque voluptatum velit quas quidem eos. Sit et recusandae excepturi et. Ipsa mollitia nostrum explicabo harum consequatur expedita.', 416, 'https://lorempixel.com/640/480/?69207', '#b214e7', 1, '2019-09-06 01:04:01', '2019-09-06 01:04:01'),
(35, 3, 'omnis', 'Ut ut velit quo maiores ut. Tenetur eum rem est tenetur amet.', 639, 'https://lorempixel.com/640/480/?44047', '#0f682a', 1, '2019-09-06 01:04:01', '2019-09-06 01:04:01'),
(36, 2, 'repellendus', 'Et doloribus sit suscipit ipsum. Non similique quo excepturi neque enim illo. Beatae omnis porro et dolor quibusdam aliquid.', 749, 'https://lorempixel.com/640/480/?83607', '#94f3e8', 2, '2019-09-06 01:04:01', '2019-09-06 01:04:01'),
(37, 10, 'quas', 'Corporis omnis delectus aliquam quo saepe. Vel corrupti assumenda qui eaque et est deserunt. Aut itaque et consequatur eaque beatae voluptatem. Temporibus omnis sit harum laudantium perferendis omnis distinctio.', 529, 'https://lorempixel.com/640/480/?59876', '#5aed17', 2, '2019-09-06 01:04:01', '2019-09-06 01:04:01'),
(38, 8, 'perspiciatis', 'Accusamus non ducimus laudantium dolor et illo suscipit. Qui sit qui eum fugit voluptate sit explicabo. Dicta suscipit id laborum aut qui ut aut.', 356, 'https://lorempixel.com/640/480/?34299', '#ce3eb6', 3, '2019-09-06 01:04:01', '2019-09-06 01:04:01'),
(39, 8, 'et', 'Et deserunt repellendus aliquid assumenda dolores quam nemo accusamus. Eius voluptate quis ut fugiat nihil est ipsa. Minus voluptatum velit consequatur placeat reiciendis vel repellendus.', 153, 'https://lorempixel.com/640/480/?60765', '#16d680', 3, '2019-09-06 01:04:01', '2019-09-06 01:04:01'),
(40, 7, 'molestiae', 'Quasi et nostrum repellendus non quod. Qui ea et rerum voluptatem iure. Voluptas qui molestias commodi. A in sit excepturi consequatur vel facilis.', 464, 'https://lorempixel.com/640/480/?36295', '#d93d2c', 1, '2019-09-06 01:04:01', '2019-09-06 01:04:01'),
(41, 6, 'magnam', 'Non odit est et. Suscipit sit placeat facere perferendis. Fugiat molestiae nobis magnam voluptate.', 484, 'https://lorempixel.com/640/480/?94466', '#3e1c45', 4, '2019-09-06 01:04:01', '2019-09-06 01:04:01'),
(42, 7, 'accusantium', 'Sint praesentium voluptatum voluptatibus laborum laudantium sed impedit. Nam libero assumenda sit repellat laudantium molestias. Minima cumque fuga inventore non quo.', 732, 'https://lorempixel.com/640/480/?70640', '#d51b30', 5, '2019-09-06 01:04:01', '2019-09-06 01:04:01'),
(43, 6, 'repellat', 'Maxime ratione facere exercitationem. Dolor praesentium dicta quo enim id. Minus necessitatibus enim voluptatem accusamus et. Sapiente recusandae reiciendis rerum qui soluta.', 618, 'https://lorempixel.com/640/480/?18058', '#36c8cb', 5, '2019-09-06 01:04:01', '2019-09-06 01:04:01'),
(44, 4, 'eum', 'Doloremque suscipit recusandae voluptas aliquid possimus. Dolorem aut dolores exercitationem ipsa. Nulla voluptatem dolores laborum eum exercitationem est doloremque. Enim eligendi pariatur consequatur impedit at animi tempora quia.', 597, 'https://lorempixel.com/640/480/?48988', '#3a1d1b', 3, '2019-09-06 01:04:01', '2019-09-06 01:04:01'),
(45, 6, 'magni', 'Sint est harum explicabo commodi magni. Animi culpa qui ex sunt qui eos expedita.', 287, 'https://lorempixel.com/640/480/?11113', '#23a671', 2, '2019-09-06 01:04:02', '2019-09-06 01:04:02'),
(46, 8, 'mollitia', 'Cum est et qui voluptatibus. Sed qui provident est ab et labore perferendis.', 308, 'https://lorempixel.com/640/480/?59410', '#ca3663', 5, '2019-09-06 01:04:02', '2019-09-06 01:04:02'),
(47, 10, 'voluptates', 'Perspiciatis autem voluptas non. Dicta aperiam minima possimus quod. Totam tenetur aut veritatis.', 760, 'https://lorempixel.com/640/480/?82287', '#5e0aff', 4, '2019-09-06 01:04:02', '2019-09-06 01:04:02'),
(48, 3, 'sunt', 'Et cupiditate odit quasi officia omnis. Sed aut impedit tempora nobis similique recusandae. Est ipsam reprehenderit ipsam autem ut commodi at.', 326, 'https://lorempixel.com/640/480/?62898', '#69c646', 4, '2019-09-06 01:04:02', '2019-09-06 01:04:02'),
(49, 1, 'fugit', 'Corporis dolores aperiam consequatur enim quasi tempore est. Necessitatibus dicta enim eos et vel eum odit. Facere labore beatae id dolorum non nihil. Ut omnis itaque veritatis illum quam excepturi non possimus. Esse a recusandae suscipit maiores fugit sunt numquam.', 860, 'https://lorempixel.com/640/480/?43992', '#6c8e79', 2, '2019-09-06 01:04:02', '2019-09-06 01:04:02'),
(50, 6, 'quis', 'Et autem autem quis enim debitis. Ipsa fugiat natus soluta sit nostrum iure excepturi quis. Suscipit sit autem in veritatis est dolor sit.', 453, 'https://lorempixel.com/640/480/?37582', '#5bb0af', 4, '2019-09-06 01:04:02', '2019-09-06 01:04:02'),
(51, 5, 'adipisci', 'Nihil sit provident est aliquam numquam a. Dolore modi consectetur nam vitae ut. In vitae cumque nulla consectetur fuga.', 111, 'https://lorempixel.com/640/480/?37847', '#30e89a', 5, '2019-09-06 01:04:02', '2019-09-06 01:04:02'),
(52, 4, 'molestiae', 'Necessitatibus quas voluptatum facere dolorem dicta consequatur. Qui quae id et praesentium corporis quos. Maxime enim rerum dolorem delectus voluptate dolore.', 609, 'https://lorempixel.com/640/480/?11982', '#74010e', 4, '2019-09-06 01:04:02', '2019-09-06 01:04:02'),
(53, 1, 'sequi', 'Soluta exercitationem iure veniam vel reprehenderit et. Quidem officia ea cupiditate. Est quia ut voluptatem voluptates rem eius.', 983, 'https://lorempixel.com/640/480/?78601', '#7a6227', 4, '2019-09-06 01:04:02', '2019-09-06 01:04:02'),
(54, 8, 'dolor', 'Aut aliquam quis ab nostrum consequatur et. Aut consectetur autem omnis facere sit non expedita. Iusto quas quia dolore commodi atque.', 409, 'https://lorempixel.com/640/480/?91689', '#e5e7ca', 1, '2019-09-06 01:04:02', '2019-09-06 01:04:02'),
(55, 5, 'rem', 'Facere deserunt at accusamus perspiciatis porro velit nam. Et ut qui nam iste asperiores. Occaecati ea et eveniet.', 291, 'https://lorempixel.com/640/480/?97921', '#50e5c1', 4, '2019-09-06 01:04:02', '2019-09-06 01:04:02'),
(56, 1, 'fugiat', 'Et asperiores hic a reiciendis error magni. Itaque rerum nam culpa libero et itaque hic. Explicabo esse nulla sit at mollitia. Deserunt est provident beatae ut quisquam maxime.', 359, 'https://lorempixel.com/640/480/?42730', '#2c5c71', 2, '2019-09-06 01:04:02', '2019-09-06 01:04:02'),
(57, 3, 'nam', 'Voluptatem eius placeat fugiat quae distinctio et. Et non autem officiis voluptas dolor voluptas. Voluptatem consectetur similique aliquid aliquam autem quod magnam.', 682, 'https://lorempixel.com/640/480/?47948', '#aa14d5', 2, '2019-09-06 01:04:02', '2019-09-06 01:04:02'),
(58, 7, 'nisi', 'Non consectetur cum sapiente quas est. At sapiente et labore magni omnis ea cumque iste. Rerum in magni excepturi ut vitae. Consequuntur qui ab et.', 953, 'https://lorempixel.com/640/480/?52712', '#983935', 2, '2019-09-06 01:04:02', '2019-09-06 01:04:02'),
(59, 7, 'maiores', 'Sunt aliquam velit a ut quibusdam ab recusandae. Aut et quasi unde tempora sit. Nam adipisci nostrum corrupti est vitae commodi officiis. Quod eos beatae illum nulla rem esse laboriosam sit.', 846, 'https://lorempixel.com/640/480/?71067', '#c5cc18', 5, '2019-09-06 01:04:02', '2019-09-06 01:04:02'),
(60, 5, 'blanditiis', 'Qui dolorum magnam deserunt ipsum voluptatem vel. Alias officia quaerat velit illum. Magni quia enim dolores veritatis autem qui. In omnis ex impedit eum aspernatur et placeat.', 162, 'https://lorempixel.com/640/480/?74878', '#a9fcfd', 1, '2019-09-06 01:04:02', '2019-09-06 01:04:02'),
(61, 4, 'quisquam', 'Dolorem qui aliquam ullam quia molestiae incidunt libero. Dolore voluptatem alias officia quas et aliquid voluptatum. Saepe qui eaque praesentium in. Eligendi perspiciatis amet iusto commodi necessitatibus. Quidem quibusdam autem voluptatem consectetur nobis velit.', 284, 'https://lorempixel.com/640/480/?87284', '#e4a9f0', 4, '2019-09-06 01:04:02', '2019-09-06 01:04:02'),
(62, 5, 'iusto', 'Eos possimus non voluptas asperiores. Reiciendis aut pariatur in doloremque non eos asperiores. Totam recusandae ad in distinctio quo. Repellat accusamus quae ut. Autem quos eos est quibusdam.', 693, 'https://lorempixel.com/640/480/?34169', '#a47a57', 5, '2019-09-06 01:04:03', '2019-09-06 01:04:03'),
(63, 3, 'omnis', 'Velit eligendi nihil aut aspernatur labore. Minus ducimus et blanditiis ratione. Non neque voluptate est animi non earum.', 204, 'https://lorempixel.com/640/480/?65439', '#114b40', 1, '2019-09-06 01:04:03', '2019-09-06 01:04:03'),
(64, 10, 'magnam', 'Eum quo reprehenderit sint sapiente aut dolores. Eos molestiae eveniet neque velit reiciendis nulla in. Dignissimos voluptas praesentium dignissimos praesentium molestiae vel et. Voluptatem quas quis ipsum.', 454, 'https://lorempixel.com/640/480/?24866', '#a2c326', 4, '2019-09-06 01:04:03', '2019-09-06 01:04:03'),
(65, 5, 'vel', 'Sunt eligendi et suscipit vitae. Sequi laborum debitis nihil dolores nemo qui possimus. Ex tempore provident quae aut soluta omnis soluta aut.', 464, 'https://lorempixel.com/640/480/?97315', '#da8cd3', 5, '2019-09-06 01:04:03', '2019-09-06 01:04:03'),
(66, 1, 'fugiat', 'Delectus autem facere quod error nobis fugiat in. Aperiam labore rerum quisquam nostrum ex modi occaecati dignissimos. Est quisquam dolore harum est qui et ea. Ut est quo et ut quia saepe non. Soluta odit adipisci nihil et omnis id.', 507, 'https://lorempixel.com/640/480/?65136', '#4d0225', 4, '2019-09-06 01:04:03', '2019-09-06 01:04:03'),
(67, 5, 'neque', 'Maxime quo eum et et voluptatem enim. Ea eum voluptates iste unde ut consequatur incidunt. Ducimus est esse nam accusamus quae dolores animi sed.', 799, 'https://lorempixel.com/640/480/?27739', '#763616', 3, '2019-09-06 01:04:03', '2019-09-06 01:04:03'),
(68, 2, 'sed', 'Possimus quia quibusdam et adipisci. Beatae occaecati ex illo sed alias in. Quis et quia asperiores sint dignissimos ipsam sint.', 843, 'https://lorempixel.com/640/480/?64304', '#df2f96', 3, '2019-09-06 01:04:03', '2019-09-06 01:04:03'),
(69, 2, 'at', 'Ullam voluptas cumque tempore maiores molestias. Voluptatem officia optio sit. Quisquam quos cupiditate et ex dolorum.', 708, 'https://lorempixel.com/640/480/?78617', '#b915f5', 1, '2019-09-06 01:04:03', '2019-09-06 01:04:03'),
(70, 2, 'non', 'Alias repellendus quam laborum dignissimos numquam. Doloribus nostrum cumque aut recusandae.', 238, 'https://lorempixel.com/640/480/?43492', '#44b2dc', 1, '2019-09-06 01:04:03', '2019-09-06 01:04:03'),
(71, 7, 'est', 'Vel ex sunt ratione dolore nobis. Voluptates rerum rerum dolores consequatur. Aut cumque ut sint ab placeat sequi.', 463, 'https://lorempixel.com/640/480/?26894', '#d02c9b', 2, '2019-09-06 01:04:03', '2019-09-06 01:04:03'),
(72, 3, 'dicta', 'Enim exercitationem esse qui mollitia ea quam nam. Rerum quia non dolores ad voluptatum corporis. Blanditiis exercitationem rerum maiores dolorem. Qui quo ea consequuntur.', 492, 'https://lorempixel.com/640/480/?88435', '#de79a3', 3, '2019-09-06 01:04:03', '2019-09-06 01:04:03'),
(73, 2, 'occaecati', 'A atque minima similique beatae. Voluptate culpa tempore necessitatibus voluptatum ut culpa. Voluptatem atque vel ex minus.', 234, 'https://lorempixel.com/640/480/?42410', '#4bfa2f', 1, '2019-09-06 01:04:03', '2019-09-06 01:04:03'),
(74, 3, 'fugit', 'Aut hic unde dolor modi. Sed aut enim quasi rerum deleniti voluptate sit est. Quas et magnam officiis iure voluptatem asperiores.', 518, 'https://lorempixel.com/640/480/?22254', '#4a8312', 2, '2019-09-06 01:04:03', '2019-09-06 01:04:03'),
(75, 10, 'reiciendis', 'Blanditiis placeat qui dolorem dolor nihil. Fugiat iusto consequatur dolorem voluptas voluptatum et. Velit deserunt suscipit et. Dolorem dolore in suscipit laboriosam ipsa rerum labore.', 880, 'https://lorempixel.com/640/480/?79827', '#d5aa62', 2, '2019-09-06 01:04:03', '2019-09-06 01:04:03'),
(76, 1, 'natus', 'Consequuntur fugit alias natus. Et officia tempora id libero quae dolorem sit. Aut quasi voluptatibus voluptatem.', 406, 'https://lorempixel.com/640/480/?25672', '#57e6e4', 3, '2019-09-06 01:04:03', '2019-09-06 01:04:03'),
(77, 4, 'eveniet', 'Repellendus velit non aspernatur neque illum rerum iste. Quod optio voluptas quis architecto sint iusto ipsam aut.', 842, 'https://lorempixel.com/640/480/?22716', '#c96320', 5, '2019-09-06 01:04:03', '2019-09-06 01:04:03'),
(78, 5, 'non', 'Vel rerum temporibus sunt eum dignissimos ut adipisci enim. Aut aut consequuntur dolorem vitae. Sit vel consequatur est ratione aut. Numquam porro quia blanditiis iste error.', 631, 'https://lorempixel.com/640/480/?98220', '#ed805b', 4, '2019-09-06 01:04:03', '2019-09-06 01:04:03'),
(79, 10, 'exercitationem', 'Officiis aut sed et. Voluptatum numquam consequatur quia voluptas velit sed. Voluptas et et placeat consequuntur quisquam voluptas quos.', 323, 'https://lorempixel.com/640/480/?93690', '#bc764e', 4, '2019-09-06 01:04:03', '2019-09-06 01:04:03'),
(80, 5, 'reprehenderit', 'Harum porro quia ea id. Incidunt nostrum repellendus id aut. Voluptas qui qui sint sint.', 912, 'https://lorempixel.com/640/480/?50493', '#8051ee', 1, '2019-09-06 01:04:04', '2019-09-06 01:04:04'),
(81, 5, 'sequi', 'Commodi a ratione dicta est quo iste aut accusantium. Magni necessitatibus temporibus saepe. Vitae voluptatem sint aut laborum.', 414, 'https://lorempixel.com/640/480/?28066', '#4b8734', 1, '2019-09-06 01:04:04', '2019-09-06 01:04:04'),
(82, 1, 'non', 'Et iste rem et optio ut aspernatur. Consequatur voluptatem nesciunt et. Ex perferendis nulla sunt expedita cumque.', 594, 'https://lorempixel.com/640/480/?62747', '#672bda', 5, '2019-09-06 01:04:04', '2019-09-06 01:04:04'),
(83, 5, 'esse', 'Esse natus tempora voluptas voluptatem. Qui illo eos saepe est qui. Minus tempore sapiente minus aut dolores aspernatur vitae modi.', 237, 'https://lorempixel.com/640/480/?15565', '#f896ba', 4, '2019-09-06 01:04:04', '2019-09-06 01:04:04'),
(84, 6, 'id', 'Rerum voluptatem sunt corporis eum quis cupiditate. Deserunt harum quia qui accusamus. Omnis odio magnam officiis unde adipisci.', 575, 'https://lorempixel.com/640/480/?15903', '#4686de', 2, '2019-09-06 01:04:04', '2019-09-06 01:04:04'),
(85, 4, 'laborum', 'Quia qui aut quos excepturi ut. Delectus ipsum beatae velit vel id dicta. Odio eaque dolore ut id tempore qui.', 632, 'https://lorempixel.com/640/480/?53318', '#1bf25a', 3, '2019-09-06 01:04:04', '2019-09-06 01:04:04'),
(86, 8, 'non', 'Voluptatem aut praesentium placeat nostrum culpa laboriosam. Dolores quam iusto ipsam dolorum officia autem voluptatem dolorum. Libero exercitationem ea atque et.', 214, 'https://lorempixel.com/640/480/?55721', '#5255b4', 4, '2019-09-06 01:04:04', '2019-09-06 01:04:04'),
(87, 9, 'odio', 'Sint temporibus placeat nihil. Illo sunt et sequi esse suscipit dolor.', 551, 'https://lorempixel.com/640/480/?28057', '#65a824', 1, '2019-09-06 01:04:04', '2019-09-06 01:04:04'),
(88, 8, 'nihil', 'Ipsa ut esse ut est in. Vel qui ut unde error consequatur.', 953, 'https://lorempixel.com/640/480/?41666', '#9d4edc', 1, '2019-09-06 01:04:04', '2019-09-06 01:04:04'),
(89, 5, 'aliquam', 'Aliquid est quaerat natus voluptatem numquam fugiat. Veritatis non est repellendus corrupti.', 285, 'https://lorempixel.com/640/480/?59439', '#47ae81', 5, '2019-09-06 01:04:04', '2019-09-06 01:04:04'),
(90, 7, 'error', 'Consequatur dolorem repellendus voluptatum doloribus architecto quas corporis. Cum qui recusandae possimus sint quo aut. Sequi rerum architecto recusandae esse nihil quae.', 928, 'https://lorempixel.com/640/480/?79964', '#6f259f', 4, '2019-09-06 01:04:04', '2019-09-06 01:04:04'),
(91, 9, 'deserunt', 'Et natus itaque molestiae illo. Non exercitationem dolore aut consequuntur nihil. Est commodi occaecati voluptatibus nostrum vero velit. Sit quod adipisci at.', 300, 'https://lorempixel.com/640/480/?90589', '#14762e', 3, '2019-09-06 01:04:04', '2019-09-06 01:04:04'),
(92, 2, 'voluptas', 'Et laboriosam dolores architecto aliquid nesciunt velit. Cupiditate iste est temporibus atque enim facere. Explicabo harum aut sed magni possimus esse dolorem. Commodi molestiae ut ut dolorem. Nihil ut voluptatem voluptatum nulla ad nostrum ipsa.', 580, 'https://lorempixel.com/640/480/?35612', '#0df1e8', 4, '2019-09-06 01:04:04', '2019-09-06 01:04:04'),
(93, 3, 'reiciendis', 'Eligendi omnis consequatur ex voluptatibus harum sed exercitationem. Eligendi quaerat porro et molestias et qui. Vero accusamus doloribus quidem.', 434, 'https://lorempixel.com/640/480/?94926', '#f23c84', 5, '2019-09-06 01:04:04', '2019-09-06 01:04:04'),
(94, 6, 'quos', 'Corporis enim alias reprehenderit explicabo temporibus temporibus. Doloribus vitae exercitationem impedit ab blanditiis. Perferendis consequatur ipsam distinctio eius inventore consectetur et consequuntur. Est dignissimos et tenetur dolor.', 936, 'https://lorempixel.com/640/480/?86177', '#5ae7d6', 4, '2019-09-06 01:04:04', '2019-09-06 01:04:04'),
(95, 8, 'asperiores', 'Cum sunt omnis nobis incidunt expedita magni et. Vel sit et suscipit qui blanditiis mollitia illum. Velit nobis molestiae inventore ut optio. Maxime nobis dolores voluptatibus sed eos facilis. Repudiandae reprehenderit voluptatibus corrupti est quia praesentium est.', 731, 'https://lorempixel.com/640/480/?61789', '#788290', 3, '2019-09-06 01:04:04', '2019-09-06 01:04:04'),
(96, 2, 'qui', 'Voluptas repellat modi delectus id. Possimus esse voluptatem qui ea magni consectetur. At tenetur consectetur voluptas et et qui sed.', 417, 'https://lorempixel.com/640/480/?27092', '#d9224b', 2, '2019-09-06 01:04:04', '2019-09-06 01:04:04'),
(97, 7, 'magnam', 'Illum et dicta ea. Sint at mollitia nam consequatur velit vero. Ut explicabo dolorem veniam debitis rerum aperiam. Autem rerum odit harum qui.', 746, 'https://lorempixel.com/640/480/?64884', '#dbcf3d', 2, '2019-09-06 01:04:04', '2019-09-06 01:04:04'),
(98, 4, 'ex', 'Eos molestiae id sequi laboriosam. Occaecati ab voluptate eos dolores quas aut. Nostrum eos et exercitationem nulla deserunt. Voluptatibus quos ea ad labore esse dolor nihil.', 851, 'https://lorempixel.com/640/480/?25194', '#8392fe', 1, '2019-09-06 01:04:04', '2019-09-06 01:04:04'),
(99, 5, 'est', 'Aliquam ut soluta et possimus est. Perferendis fugit facere perferendis harum dolor. Eum cupiditate doloribus quaerat sed qui nobis.', 794, 'https://lorempixel.com/640/480/?70961', '#04845a', 2, '2019-09-06 01:04:05', '2019-09-06 01:04:05'),
(100, 5, 'amet', 'Laudantium rerum voluptatem similique eius enim sint aut magni. Ut dolorum impedit et sapiente veritatis. Ab sint voluptatum est adipisci.', 962, 'https://lorempixel.com/640/480/?45228', '#295027', 1, '2019-09-06 01:04:05', '2019-09-06 01:04:05'),
(101, 4, 'qui', 'Iste perferendis quisquam facere rerum molestiae iure impedit. Sint rerum omnis velit consequatur porro dolores. Ut aut velit dolores.', 554, 'https://lorempixel.com/640/480/?51548', '#2e8f3f', 4, '2019-09-06 01:04:05', '2019-09-06 01:04:05'),
(102, 7, 'qui', 'Nihil ipsum modi atque exercitationem et repellat quas voluptas. Omnis praesentium temporibus assumenda commodi. Quisquam aspernatur quas vel ut non incidunt. Et maxime autem voluptatem quia enim a quae dolor. Voluptas voluptates omnis asperiores rerum quidem.', 289, 'https://lorempixel.com/640/480/?87301', '#ac0282', 3, '2019-09-06 01:04:05', '2019-09-06 01:04:05'),
(103, 3, 'occaecati', 'Et cupiditate et officia totam adipisci eum tenetur molestias. Rerum omnis fuga ad.', 355, 'https://lorempixel.com/640/480/?55411', '#03ac4b', 1, '2019-09-06 01:04:05', '2019-09-06 01:04:05'),
(104, 3, 'magnam', 'Nulla qui id voluptates ut iusto ut placeat et. Dignissimos voluptatem ipsa sapiente. Possimus pariatur rerum adipisci. Nihil sit error libero dolorem consequatur saepe ut.', 863, 'https://lorempixel.com/640/480/?27298', '#d3f121', 2, '2019-09-06 01:04:05', '2019-09-06 01:04:05'),
(105, 9, 'mollitia', 'Accusamus possimus asperiores quisquam sapiente laboriosam aut accusamus. Veniam omnis dicta modi corporis quo ipsum et enim. Consequatur qui consequatur fugiat ipsam esse impedit quaerat. Nihil sit velit molestias ut.', 282, 'https://lorempixel.com/640/480/?98600', '#86bed5', 4, '2019-09-06 01:04:05', '2019-09-06 01:04:05'),
(106, 6, 'debitis', 'Vitae vero nobis autem exercitationem et distinctio dicta. Qui nisi sed et ut illum et. Nemo eum corporis sint laudantium ea similique. Unde est iste animi.', 547, 'https://lorempixel.com/640/480/?33879', '#f02cc6', 4, '2019-09-06 01:04:05', '2019-09-06 01:04:05'),
(107, 8, 'quo', 'Adipisci id recusandae eos voluptatibus nam ab repellendus. Enim quibusdam quisquam quo in magni blanditiis voluptates. Velit dolorum nesciunt sint quos qui est. Id quos et ex illum.', 176, 'https://lorempixel.com/640/480/?19996', '#a4079c', 4, '2019-09-06 01:04:05', '2019-09-06 01:04:05'),
(108, 5, 'et', 'Facere dolores unde quo atque. Omnis quisquam quibusdam non quod nihil pariatur dolores voluptatum. Et numquam voluptatibus ex minus numquam odit.', 626, 'https://lorempixel.com/640/480/?37835', '#50d3d6', 3, '2019-09-06 01:04:05', '2019-09-06 01:04:05'),
(109, 7, 'tempore', 'Sit possimus vel aut. Et dolorum aut et qui deleniti. Dolore ut veritatis aliquid consectetur magni cumque. Vel libero vel ex. Voluptates architecto dolores consequatur repellendus nemo.', 154, 'https://lorempixel.com/640/480/?29527', '#c345c4', 2, '2019-09-06 01:04:05', '2019-09-06 01:04:05'),
(110, 4, 'corrupti', 'Excepturi qui vero eligendi. Ut porro et velit non dolorem nam eum est. Nostrum et aperiam in eos ducimus. Quas totam quos est dolorem eaque molestias ipsum.', 269, 'https://lorempixel.com/640/480/?11506', '#9839ee', 3, '2019-09-06 01:04:05', '2019-09-06 01:04:05'),
(111, 5, 'et', 'Quod quisquam expedita magnam. Eum dolores aliquid rerum sunt facilis sapiente vel molestiae. Ullam rerum ea omnis est totam.', 279, 'https://lorempixel.com/640/480/?21460', '#b7dabe', 4, '2019-09-06 01:04:05', '2019-09-06 01:04:05'),
(112, 5, 'sequi', 'Corporis quia earum expedita. Maxime rerum voluptatem totam ratione praesentium aut. Voluptatem dolor inventore at sed similique. Sunt saepe corporis eos id minima qui.', 934, 'https://lorempixel.com/640/480/?98229', '#815665', 1, '2019-09-06 01:04:05', '2019-09-06 01:04:05'),
(113, 8, 'quia', 'Natus est labore eaque natus quis sunt. Doloribus est sint perferendis corporis provident esse aut. Non amet ut eum ea qui reprehenderit suscipit.', 186, 'https://lorempixel.com/640/480/?62155', '#5d73ae', 2, '2019-09-06 01:04:05', '2019-09-06 01:04:05'),
(114, 1, 'omnis', 'Vitae perspiciatis et quod animi perspiciatis veniam. Delectus dolorem et exercitationem voluptas. Nostrum delectus error tempore qui.', 580, 'https://lorempixel.com/640/480/?81017', '#e7dd2d', 2, '2019-09-06 01:04:05', '2019-09-06 01:04:05'),
(115, 8, 'quos', 'Vel odio ipsam pariatur quas. Necessitatibus quo neque sapiente iure. Ullam nam nihil occaecati. Modi ut ex odit ullam quia itaque perferendis.', 698, 'https://lorempixel.com/640/480/?13213', '#57879c', 3, '2019-09-06 01:04:05', '2019-09-06 01:04:05'),
(116, 1, 'voluptas', 'Et optio modi voluptate ut quis id tempora. Tempore sequi sint nobis est. Voluptates ea sequi quasi corporis eligendi dolor tempora sint. Architecto nisi sit quos expedita.', 137, 'https://lorempixel.com/640/480/?16171', '#98e35f', 3, '2019-09-06 01:04:05', '2019-09-06 01:04:05'),
(117, 2, 'eum', 'Illo a sequi molestiae a. Dolorem non nostrum et occaecati quibusdam molestiae similique dolores. Numquam et repellendus laboriosam cum quis ipsum. Dicta dolore consequatur et doloremque.', 560, 'https://lorempixel.com/640/480/?93447', '#f27c87', 4, '2019-09-06 01:04:05', '2019-09-06 01:04:05'),
(118, 8, 'cupiditate', 'Nesciunt molestiae reprehenderit quia nemo. Voluptas eligendi voluptate est quo. Vitae at consequatur consequuntur porro. Ab excepturi architecto praesentium hic doloribus et ea.', 511, 'https://lorempixel.com/640/480/?17488', '#2de2d5', 5, '2019-09-06 01:04:06', '2019-09-06 01:04:06'),
(119, 4, 'illo', 'Necessitatibus dolorum molestiae in id et fugit. Et autem incidunt beatae voluptatem perferendis omnis. Dolor harum minima nihil voluptas similique culpa.', 580, 'https://lorempixel.com/640/480/?51110', '#0a54bc', 1, '2019-09-06 01:04:06', '2019-09-06 01:04:06'),
(120, 4, 'earum', 'Temporibus delectus quo officiis dolor qui. Laboriosam aut quo consectetur quia. Esse magni rerum pariatur fuga vero. Numquam molestias hic fugit quae nisi laudantium ipsam.', 838, 'https://lorempixel.com/640/480/?25594', '#e87dae', 1, '2019-09-06 01:04:06', '2019-09-06 01:04:06'),
(121, 9, 'voluptates', 'Sit nam dolorem quo nihil quis alias fuga. Minima culpa sed non sint autem qui. Sapiente qui repellat aut officia nesciunt magni facere.', 676, 'https://lorempixel.com/640/480/?73381', '#ac915f', 2, '2019-09-06 01:04:06', '2019-09-06 01:04:06'),
(122, 6, 'nihil', 'Maxime blanditiis incidunt necessitatibus voluptatem et voluptatibus nesciunt. Eius et assumenda voluptate alias eveniet. Voluptatem eligendi tempora amet et assumenda ab. Consequatur consequatur culpa voluptate sunt nihil laborum delectus est.', 294, 'https://lorempixel.com/640/480/?59592', '#7e0f3e', 5, '2019-09-06 01:04:06', '2019-09-06 01:04:06'),
(123, 1, 'laudantium', 'Sed sed non consequatur tenetur eos dicta officiis. Dolor nostrum et porro iste cupiditate. Quisquam assumenda asperiores eos a at maiores aspernatur. Unde consequuntur quae nulla eaque quibusdam. Quia voluptatum ut quod architecto.', 404, 'https://lorempixel.com/640/480/?22614', '#4f2498', 1, '2019-09-06 01:04:06', '2019-09-06 01:04:06'),
(124, 7, 'minima', 'Et est molestias unde velit. Sapiente eligendi omnis omnis in suscipit voluptatem. Quia alias molestiae quidem error non et. Optio velit at totam.', 374, 'https://lorempixel.com/640/480/?76780', '#7322ee', 3, '2019-09-06 01:04:06', '2019-09-06 01:04:06'),
(125, 9, 'et', 'Aliquid consequuntur qui sit quos voluptatem. Assumenda est aliquid officiis est. Fuga ab consequatur delectus autem quia voluptate autem exercitationem.', 695, 'https://lorempixel.com/640/480/?32708', '#ddbfd6', 4, '2019-09-06 01:04:06', '2019-09-06 01:04:06'),
(126, 7, 'cupiditate', 'Adipisci ut aut quos. Illo perferendis corporis et vel voluptas possimus. Voluptas corporis est ea dolor sed nam. Incidunt ab ratione nulla.', 680, 'https://lorempixel.com/640/480/?23283', '#4e5d2f', 4, '2019-09-06 01:04:06', '2019-09-06 01:04:06'),
(127, 10, 'a', 'Error esse expedita quam perspiciatis. Saepe iure fuga iusto est. Nulla ut aliquid recusandae repellendus et. Quis nihil aspernatur repellendus voluptas.', 876, 'https://lorempixel.com/640/480/?97016', '#43dbf4', 4, '2019-09-06 01:04:06', '2019-09-06 01:04:06'),
(128, 1, 'dolorem', 'Exercitationem error doloremque occaecati. Aut accusantium sunt in maxime sunt. Quia eum deleniti et recusandae cum ab harum. Sint suscipit impedit error architecto minus eius tenetur. Animi recusandae debitis ipsa maiores illo.', 503, 'https://lorempixel.com/640/480/?24103', '#4c64c4', 5, '2019-09-06 01:04:06', '2019-09-06 01:04:06'),
(129, 9, 'similique', 'Voluptatum illum et sit quia ex. Earum est vitae odit eos est. Eos occaecati error magni incidunt corrupti. Omnis id at odit similique autem ut saepe.', 176, 'https://lorempixel.com/640/480/?68164', '#25f770', 3, '2019-09-06 01:04:06', '2019-09-06 01:04:06'),
(130, 10, 'aut', 'Voluptate suscipit doloremque molestias sint ut tempora. Quisquam ut recusandae aliquid dolor aut. Quia dolore optio temporibus recusandae. Cum laboriosam nostrum autem quod.', 356, 'https://lorempixel.com/640/480/?25554', '#b7997a', 2, '2019-09-06 01:04:06', '2019-09-06 01:04:06'),
(131, 7, 'soluta', 'Molestiae et laboriosam tempore nostrum nisi ut. Delectus quis molestiae temporibus inventore. Exercitationem tempore et voluptatem nam porro dolore occaecati.', 524, 'https://lorempixel.com/640/480/?16807', '#74bfd7', 5, '2019-09-06 01:04:06', '2019-09-06 01:04:06'),
(132, 4, 'et', 'Architecto earum qui et ipsam consectetur voluptatem voluptas. Eaque autem sit qui dolores et est. Natus optio odit placeat autem et alias minima. Dolorem recusandae voluptatem ducimus rerum quia dolorum.', 581, 'https://lorempixel.com/640/480/?51212', '#d5d417', 5, '2019-09-06 01:04:06', '2019-09-06 01:04:06'),
(133, 5, 'sunt', 'Praesentium consectetur ea ut eos amet eaque. Et aliquid in iure inventore deserunt doloribus. Dolor modi modi qui.', 919, 'https://lorempixel.com/640/480/?94006', '#3b69d1', 2, '2019-09-06 01:04:06', '2019-09-06 01:04:06'),
(134, 1, 'quidem', 'Ad aut sed aperiam excepturi quae. Dolorum amet quis reprehenderit consequatur sapiente odit. Aut alias qui nostrum doloremque. Ut iste sit totam vitae excepturi.', 745, 'https://lorempixel.com/640/480/?81899', '#72d1bd', 4, '2019-09-06 01:04:06', '2019-09-06 01:04:06'),
(135, 1, 'ut', 'Illum voluptates fuga in unde eos. Laboriosam libero et laborum reiciendis sit quod quod. Quia quia dolorem eos voluptas eligendi. Perferendis molestias corrupti cum optio. Dolores rerum dolores qui dignissimos sit.', 701, 'https://lorempixel.com/640/480/?59944', '#b29430', 2, '2019-09-06 01:04:06', '2019-09-06 01:04:06'),
(136, 3, 'sint', 'Necessitatibus hic exercitationem dolorem dolor. Cumque et omnis dignissimos ut iure nihil aliquam. Qui maxime et ducimus voluptas eum earum quis soluta. Voluptatem voluptatem autem repudiandae veritatis tempora.', 893, 'https://lorempixel.com/640/480/?16758', '#b8e505', 4, '2019-09-06 01:04:06', '2019-09-06 01:04:06'),
(137, 2, 'tenetur', 'Consectetur illum quaerat alias deleniti sint asperiores praesentium iure. Eaque vel iure ut reiciendis est quia et. Voluptatem facere mollitia voluptas et aliquid hic doloribus. Sint beatae possimus illum qui.', 803, 'https://lorempixel.com/640/480/?67067', '#816408', 4, '2019-09-06 01:04:06', '2019-09-06 01:04:06'),
(138, 4, 'nam', 'Id aut ut magni quo voluptatem omnis. Nemo cum qui ea fuga quasi qui odio nostrum. Ut tenetur est porro consectetur tenetur id ut vero. Illo nisi sint quia.', 493, 'https://lorempixel.com/640/480/?20320', '#2519ae', 4, '2019-09-06 01:04:07', '2019-09-06 01:04:07'),
(139, 6, 'cumque', 'Sit aliquid sunt omnis. Distinctio dolorem recusandae autem velit et aliquid corrupti aperiam. Sapiente laboriosam libero sit magnam et.', 276, 'https://lorempixel.com/640/480/?14703', '#97f491', 4, '2019-09-06 01:04:07', '2019-09-06 01:04:07'),
(140, 8, 'aliquam', 'Ipsum repellat sed necessitatibus cupiditate eius illum. Amet accusamus deserunt laudantium nihil qui suscipit corrupti. Natus non tempore distinctio expedita quos tempore.', 746, 'https://lorempixel.com/640/480/?36122', '#5f8fb8', 5, '2019-09-06 01:04:07', '2019-09-06 01:04:07'),
(141, 5, 'pariatur', 'Hic et et voluptas reiciendis et. Occaecati quidem est veniam illo doloribus cumque. Dolorum cumque vitae voluptas quam.', 632, 'https://lorempixel.com/640/480/?62166', '#663003', 4, '2019-09-06 01:04:07', '2019-09-06 01:04:07'),
(142, 4, 'voluptate', 'Voluptatem occaecati dolor necessitatibus quos est libero est. Ea repellendus ea earum porro rerum optio. Vel et laborum vitae quasi ut repellendus.', 950, 'https://lorempixel.com/640/480/?84756', '#e551b5', 2, '2019-09-06 01:04:07', '2019-09-06 01:04:07'),
(143, 2, 'saepe', 'Autem et est sed nulla quibusdam. Reiciendis adipisci voluptatem voluptates enim eaque. Nihil necessitatibus quasi voluptates sint voluptatibus minus. Voluptas libero rerum dolore in aperiam magnam.', 571, 'https://lorempixel.com/640/480/?44484', '#263d2f', 5, '2019-09-06 01:04:07', '2019-09-06 01:04:07'),
(144, 4, 'adipisci', 'Autem qui ut ea ullam aliquam. Quidem delectus quia assumenda doloremque velit sint et. Natus qui in accusamus pariatur. Saepe vitae reprehenderit ex porro.', 571, 'https://lorempixel.com/640/480/?52391', '#d80531', 1, '2019-09-06 01:04:07', '2019-09-06 01:04:07'),
(145, 2, 'illum', 'Ea corrupti voluptatem quas sit. Aut nobis vitae et voluptas totam nesciunt id. Repudiandae aperiam ex sit qui molestiae aut earum.', 827, 'https://lorempixel.com/640/480/?43597', '#f24165', 1, '2019-09-06 01:04:07', '2019-09-06 01:04:07'),
(146, 1, 'tenetur', 'Officia voluptas voluptatem neque commodi delectus odit. Ullam dicta animi rerum porro totam. Eius fugiat optio provident magni amet eos. Rerum sit aperiam non libero aspernatur.', 799, 'https://lorempixel.com/640/480/?25048', '#0ac4a4', 5, '2019-09-06 01:04:07', '2019-09-06 01:04:07'),
(147, 3, 'accusamus', 'Aut consectetur omnis dicta beatae omnis consectetur quod. Repudiandae et dolores et consequatur. Sit est incidunt et ea et. Fugiat sequi et facere aut quia. Commodi culpa iure libero porro.', 972, 'https://lorempixel.com/640/480/?68946', '#9dc943', 2, '2019-09-06 01:04:07', '2019-09-06 01:04:07'),
(148, 7, 'velit', 'Placeat ipsa est aut id quos recusandae omnis. Non aliquid consectetur quia nemo quia dolorem eum. Sunt blanditiis et doloremque ipsa fugiat tempora. Recusandae illo provident ut voluptate quo similique porro et.', 724, 'https://lorempixel.com/640/480/?20323', '#5da84e', 3, '2019-09-06 01:04:07', '2019-09-06 01:04:07'),
(149, 1, 'non', 'Explicabo et quas alias aliquam. Atque odio ea nam sed veniam. Autem aut voluptatem at atque voluptates doloribus. Consequatur est laudantium sit aut aut.', 293, 'https://lorempixel.com/640/480/?96170', '#3844c1', 5, '2019-09-06 01:04:07', '2019-09-06 01:04:07'),
(150, 4, 'non', 'Hic est eaque dolorem qui ipsam. Et dolorem provident illo quisquam quisquam consectetur earum ad. Fuga eos mollitia voluptatem et possimus. Voluptates consequatur ut voluptatem voluptas.', 287, 'https://lorempixel.com/640/480/?23623', '#eafd9c', 4, '2019-09-06 01:04:07', '2019-09-06 01:04:07'),
(151, 1, 'dignissimos', 'Quia dolor delectus ut est eum. Unde ea eligendi et. Deserunt sunt et quas nam. Harum eos dolorem sit tenetur consequatur blanditiis molestiae.', 806, 'https://lorempixel.com/640/480/?23478', '#bfce6a', 1, '2019-09-06 01:04:07', '2019-09-06 01:04:07'),
(152, 8, 'ex', 'Ad recusandae eveniet necessitatibus rem exercitationem aut. Natus et autem consequatur provident sed. Omnis molestiae cupiditate dolorum recusandae et sunt illum. Dolor soluta ipsum minima.', 598, 'https://lorempixel.com/640/480/?86466', '#3a5b1b', 2, '2019-09-06 01:04:08', '2019-09-06 01:04:08'),
(153, 7, 'dolor', 'Ut molestias omnis mollitia nulla consectetur. Vel officia in tenetur deleniti quo velit. Architecto enim autem quia sed.', 559, 'https://lorempixel.com/640/480/?65862', '#cd757a', 2, '2019-09-06 01:04:08', '2019-09-06 01:04:08'),
(154, 10, 'non', 'Velit deleniti et laborum saepe rem. At autem et vel est qui modi fuga. Quod recusandae natus consequatur. Quibusdam quae debitis in fugit aut dolores.', 406, 'https://lorempixel.com/640/480/?47906', '#b590e4', 5, '2019-09-06 01:04:08', '2019-09-06 01:04:08'),
(155, 9, 'ea', 'Dolorem qui recusandae neque eos voluptatum id. Aut velit minus nihil dolorem rerum veritatis est. Commodi ad dolores est eius cumque.', 477, 'https://lorempixel.com/640/480/?24193', '#b4b13a', 5, '2019-09-06 01:04:08', '2019-09-06 01:04:08'),
(156, 5, 'autem', 'Doloribus id mollitia omnis nesciunt. Libero et officia architecto quo. Quae natus ut sit voluptatem ut. Ut quo et repellendus quaerat reiciendis. Sed at labore laudantium quo numquam.', 281, 'https://lorempixel.com/640/480/?44024', '#c39a74', 5, '2019-09-06 01:04:08', '2019-09-06 01:04:08'),
(157, 2, 'quasi', 'Molestiae quasi ducimus qui quis. Unde distinctio eaque atque expedita enim in. Nihil laboriosam molestiae impedit assumenda a qui.', 807, 'https://lorempixel.com/640/480/?84160', '#1c8095', 1, '2019-09-06 01:04:08', '2019-09-06 01:04:08'),
(158, 8, 'atque', 'Omnis id omnis eius numquam quia sed aut. Molestiae assumenda et et itaque. Deserunt optio animi corrupti aliquam placeat eos. Et quis quidem aliquid minima.', 713, 'https://lorempixel.com/640/480/?28826', '#c194f4', 3, '2019-09-06 01:04:08', '2019-09-06 01:04:08'),
(159, 6, 'iure', 'Repellat voluptatum soluta ad quod. Et nihil hic cum. Ipsam ratione quia nam officia quis saepe et.', 350, 'https://lorempixel.com/640/480/?83001', '#2d52b8', 1, '2019-09-06 01:04:08', '2019-09-06 01:04:08'),
(160, 10, 'dolorum', 'Id aut iure aut laboriosam deleniti debitis. Aut praesentium nisi officia sequi sunt minus. Sunt tempore occaecati illum rerum consequatur nobis dolorum et. Omnis quisquam cupiditate temporibus eos et culpa.', 765, 'https://lorempixel.com/640/480/?92601', '#ac5cc9', 5, '2019-09-06 01:04:08', '2019-09-06 01:04:08'),
(161, 2, 'autem', 'Tempora fugit non aut id quisquam voluptatum. A doloremque quibusdam cumque sit doloribus ratione. Reprehenderit facere accusamus voluptas quo unde. Aliquam quod ut quis praesentium voluptatum et magni.', 142, 'https://lorempixel.com/640/480/?93724', '#ffa6d8', 3, '2019-09-06 01:04:08', '2019-09-06 01:04:08'),
(162, 2, 'reprehenderit', 'Et accusantium perferendis consequatur. Odio aut unde quae commodi amet. Ad magnam quis sint in eveniet. Rerum autem magni est voluptas quasi suscipit qui. Ut labore ut quidem iusto porro amet.', 191, 'https://lorempixel.com/640/480/?37306', '#413c25', 1, '2019-09-06 01:04:08', '2019-09-06 01:04:08'),
(163, 4, 'vel', 'Ipsam nisi eum aut eum harum et omnis cum. Velit non delectus enim vero ipsa distinctio dolorum. Provident totam et eveniet saepe dolor qui assumenda ut.', 744, 'https://lorempixel.com/640/480/?47837', '#590ad6', 1, '2019-09-06 01:04:08', '2019-09-06 01:04:08'),
(164, 6, 'libero', 'Ut nulla deleniti officia consequatur. Aliquid tempore natus fugiat ducimus corrupti officiis. Dolore enim officiis occaecati soluta esse est.', 601, 'https://lorempixel.com/640/480/?48525', '#92ea0e', 3, '2019-09-06 01:04:08', '2019-09-06 01:04:08'),
(165, 8, 'sapiente', 'Ab et corporis exercitationem laudantium et. Quis magni ad voluptatem deserunt. Aut facilis omnis iure similique. Rerum veniam fugiat ex autem est minima. Dolore vel facere voluptatibus optio eos.', 209, 'https://lorempixel.com/640/480/?52390', '#f0ef9f', 1, '2019-09-06 01:04:08', '2019-09-06 01:04:08'),
(166, 10, 'qui', 'Autem rerum nihil esse fuga praesentium. Aut quia mollitia et. Voluptas accusamus nostrum porro ut occaecati autem qui. Id inventore non rerum impedit voluptas sit. Repellat aut exercitationem eos dolorem sapiente qui.', 626, 'https://lorempixel.com/640/480/?82038', '#58e4ec', 1, '2019-09-06 01:04:08', '2019-09-06 01:04:08'),
(167, 9, 'sint', 'Sit enim ea rerum in quae vitae assumenda. Doloribus eos quos harum. Voluptas nesciunt tenetur consequatur aut. Corrupti assumenda velit eum totam nam tempore excepturi.', 964, 'https://lorempixel.com/640/480/?56518', '#e8c9cf', 5, '2019-09-06 01:04:08', '2019-09-06 01:04:08'),
(168, 8, 'consequuntur', 'Eaque velit quia quae earum hic. Ea ex blanditiis aspernatur hic rerum et facere. Quasi culpa nesciunt voluptatem sed quam qui aliquid. Distinctio aut nulla alias assumenda.', 994, 'https://lorempixel.com/640/480/?88441', '#87381d', 2, '2019-09-06 01:04:08', '2019-09-06 01:04:08'),
(169, 2, 'corrupti', 'Ut non porro doloribus. Possimus dolore error corrupti mollitia architecto atque. Qui rerum eaque qui nostrum qui quas recusandae quia.', 384, 'https://lorempixel.com/640/480/?18166', '#95dffb', 3, '2019-09-06 01:04:08', '2019-09-06 01:04:08'),
(170, 5, 'voluptatibus', 'Laborum cupiditate occaecati et ullam voluptatem est. Enim iusto itaque repellat non recusandae.', 867, 'https://lorempixel.com/640/480/?99424', '#652d58', 5, '2019-09-06 01:04:08', '2019-09-06 01:04:08'),
(171, 1, 'optio', 'Saepe accusamus consequatur est aspernatur est non aut. Quasi ipsam totam rerum aliquid qui et. Ut non quas enim ut perferendis. Optio voluptas nulla asperiores itaque necessitatibus necessitatibus id.', 459, 'https://lorempixel.com/640/480/?78475', '#b11de0', 1, '2019-09-06 01:04:09', '2019-09-06 01:04:09'),
(172, 1, 'tempora', 'Vitae inventore consequatur dolorem quam fugiat cum. Culpa et illum quo dolorem est porro rerum. Consequatur atque repudiandae omnis velit.', 277, 'https://lorempixel.com/640/480/?41918', '#4fe31e', 3, '2019-09-06 01:04:09', '2019-09-06 01:04:09'),
(173, 8, 'explicabo', 'Aut magnam porro eveniet nisi. Doloribus fugit hic ut illo iure. Consequatur rerum sunt sed ut minima odit et. Quo expedita dolores est distinctio sunt.', 921, 'https://lorempixel.com/640/480/?68334', '#962b04', 5, '2019-09-06 01:04:09', '2019-09-06 01:04:09'),
(174, 5, 'voluptatem', 'Ut fugit labore eaque ullam accusantium consequatur. Nam consectetur rerum porro repellat consequatur dolorem. Sint vitae repudiandae sed aut.', 607, 'https://lorempixel.com/640/480/?12678', '#4c320e', 3, '2019-09-06 01:04:09', '2019-09-06 01:04:09');
INSERT INTO `products` (`id`, `category_id`, `name`, `description`, `price`, `image`, `color`, `user_id`, `created_at`, `updated_at`) VALUES
(175, 9, 'quo', 'Facere quisquam est praesentium enim fuga asperiores qui blanditiis. Minima aliquam mollitia quis unde quis assumenda. Est qui non ut.', 281, 'https://lorempixel.com/640/480/?72298', '#4cd4a2', 1, '2019-09-06 01:04:09', '2019-09-06 01:04:09'),
(176, 10, 'autem', 'Animi dolores nobis unde sed commodi animi. Labore dolorem vel omnis vel aspernatur cupiditate qui asperiores. Odio sed iste perferendis voluptatem laborum.', 706, 'https://lorempixel.com/640/480/?73922', '#b65d4e', 5, '2019-09-06 01:04:09', '2019-09-06 01:04:09'),
(177, 10, 'nesciunt', 'Dolorum voluptatem adipisci officia et qui velit. Sed repellat corrupti quia quam. Alias culpa eius neque ipsam. Dolores dolor incidunt esse enim.', 351, 'https://lorempixel.com/640/480/?33186', '#88146a', 4, '2019-09-06 01:04:09', '2019-09-06 01:04:09'),
(178, 9, 'molestiae', 'Aut ea iure tempore ad. Sed quia a aspernatur vitae. Modi est consequuntur est nam impedit. Sint facere nisi alias aut soluta ut delectus. Autem qui id nihil voluptatem consequuntur velit excepturi.', 675, 'https://lorempixel.com/640/480/?23838', '#e663cd', 3, '2019-09-06 01:04:09', '2019-09-06 01:04:09'),
(179, 9, 'iste', 'Qui et sunt ut quidem et sapiente repellat. Eum quis nihil rerum error eos debitis. Quia est corporis et omnis. Voluptas numquam quam ea ipsum distinctio consectetur minus.', 556, 'https://lorempixel.com/640/480/?45187', '#3a2a33', 1, '2019-09-06 01:04:09', '2019-09-06 01:04:09'),
(180, 7, 'aperiam', 'Veniam temporibus dicta asperiores dolor dolor sint maxime. Unde voluptatum sed veritatis. Amet iure voluptatem dolor fugit voluptatem et. Rem consequatur minus amet et necessitatibus eaque blanditiis.', 607, 'https://lorempixel.com/640/480/?54498', '#fc7100', 3, '2019-09-06 01:04:09', '2019-09-06 01:04:09'),
(181, 3, 'consequatur', 'Sint eum tenetur nam consectetur quia enim. Consequuntur exercitationem neque non laudantium animi dolor sed. Reiciendis voluptatum illo exercitationem dignissimos ipsa.', 861, 'https://lorempixel.com/640/480/?71770', '#b96741', 2, '2019-09-06 01:04:09', '2019-09-06 01:04:09'),
(182, 1, 'saepe', 'Doloremque veritatis et eum nostrum. Inventore accusamus assumenda ex aliquam ipsa sit quo. Laborum aut adipisci facilis delectus ab in cupiditate. Quaerat expedita nemo quae dicta eos debitis.', 409, 'https://lorempixel.com/640/480/?72952', '#ce820d', 2, '2019-09-06 01:04:09', '2019-09-06 01:04:09'),
(183, 9, 'delectus', 'Sint dolorem accusamus quas accusamus dolorem quis. Temporibus magni nulla autem eius. Et aut eum dolorem nihil.', 166, 'https://lorempixel.com/640/480/?52352', '#c9bb54', 5, '2019-09-06 01:04:09', '2019-09-06 01:04:09'),
(184, 4, 'nisi', 'Optio labore vitae ullam repellat laudantium. Officia quos libero sunt id et velit eaque. Porro facere inventore voluptate ut dolore quasi voluptas veritatis. Aut quos voluptatum maxime. Laudantium qui praesentium accusantium ut.', 661, 'https://lorempixel.com/640/480/?94674', '#265f5b', 1, '2019-09-06 01:04:10', '2019-09-06 01:04:10'),
(185, 8, 'nihil', 'Voluptatem earum ipsam deleniti at. Voluptatum provident expedita natus at repellendus aliquid qui. Porro qui reprehenderit quia praesentium eaque eaque. Perspiciatis est sed perspiciatis qui debitis nisi ullam.', 919, 'https://lorempixel.com/640/480/?81510', '#cf12b3', 5, '2019-09-06 01:04:10', '2019-09-06 01:04:10'),
(186, 3, 'earum', 'Voluptas porro ipsum et qui esse sint ipsa. Illum suscipit eius fuga et sunt repellat ullam voluptatem. Eius minus voluptatibus culpa voluptas ea. Illo quia quae modi expedita repudiandae ipsum.', 443, 'https://lorempixel.com/640/480/?98458', '#dbdc23', 3, '2019-09-06 01:04:10', '2019-09-06 01:04:10'),
(187, 3, 'sint', 'Vel aliquid veritatis aliquam mollitia. Voluptatum dolor est magnam aspernatur et vero. Consequuntur non necessitatibus perferendis.', 823, 'https://lorempixel.com/640/480/?40370', '#e006fa', 1, '2019-09-06 01:04:10', '2019-09-06 01:04:10'),
(188, 6, 'labore', 'Repellendus ad vitae aperiam vitae id et eos. Omnis est vel omnis voluptas dolores pariatur consequuntur. Et praesentium itaque alias repellendus. Ex distinctio velit blanditiis eaque modi aliquid. Dolorem id consequatur officiis beatae.', 823, 'https://lorempixel.com/640/480/?19908', '#ac8d91', 1, '2019-09-06 01:04:10', '2019-09-06 01:04:10'),
(189, 9, 'est', 'In aut reiciendis est harum et praesentium. Minus beatae dolores maxime vero doloribus dolor dicta. Ut laborum placeat libero. Dolor id eligendi aut ut. Fugiat facere eos non dignissimos voluptatibus repellat at.', 642, 'https://lorempixel.com/640/480/?60875', '#beab99', 2, '2019-09-06 01:04:10', '2019-09-06 01:04:10'),
(190, 3, 'necessitatibus', 'Dolorem qui modi praesentium at porro quibusdam provident. Aliquid et aliquid dolorem cum vel dicta sunt. Porro ex sint tenetur eos sit molestias.', 267, 'https://lorempixel.com/640/480/?86531', '#94de1c', 1, '2019-09-06 01:04:10', '2019-09-06 01:04:10'),
(191, 2, 'incidunt', 'Est reiciendis sunt aut. Incidunt dolorum ut totam rerum.', 583, 'https://lorempixel.com/640/480/?35451', '#b04b16', 1, '2019-09-06 01:04:10', '2019-09-06 01:04:10'),
(192, 1, 'deleniti', 'Et in minus sit sint atque. Mollitia sit et sit quod modi nobis velit. Vero minus doloremque quisquam ullam non tempora.', 489, 'https://lorempixel.com/640/480/?11996', '#6d9f8c', 2, '2019-09-06 01:04:10', '2019-09-06 01:04:10'),
(193, 1, 'quia', 'Minima et nam commodi error dolorum aliquam laborum. Sit sint dolor non ut. Ut in alias adipisci nesciunt ad sed consequatur.', 270, 'https://lorempixel.com/640/480/?10800', '#100297', 4, '2019-09-06 01:04:10', '2019-09-06 01:04:10'),
(194, 6, 'quia', 'Commodi quasi fugit possimus iure sint. Aut eos non ad aut vel magni est. Fuga iusto asperiores impedit repudiandae ut. Maiores natus magni beatae dolores pariatur.', 402, 'https://lorempixel.com/640/480/?36886', '#44c284', 2, '2019-09-06 01:04:10', '2019-09-06 01:04:10'),
(195, 2, 'vero', 'Eum qui aut et et sit ullam est. Dolorum dolore quasi veniam non ullam voluptates occaecati labore. Aliquid ea vel fugiat aut. Eos natus eos quo reiciendis debitis facilis.', 940, 'https://lorempixel.com/640/480/?29120', '#79b259', 1, '2019-09-06 01:04:10', '2019-09-06 01:04:10'),
(196, 8, 'voluptatibus', 'Voluptatem delectus qui nisi nobis consectetur repudiandae. Libero placeat et quidem neque. Ea ipsa temporibus omnis praesentium et.', 422, 'https://lorempixel.com/640/480/?31751', '#8d6fd1', 5, '2019-09-06 01:04:10', '2019-09-06 01:04:10'),
(197, 9, 'quis', 'Minus consequatur ut eaque dicta ut aperiam. Enim ipsum voluptates reprehenderit. Repellendus minus in magnam illum quidem odit.', 271, 'https://lorempixel.com/640/480/?55077', '#981bf5', 3, '2019-09-06 01:04:10', '2019-09-06 01:04:10'),
(198, 3, 'aliquid', 'Similique quasi quis sit ullam quia voluptatem. Est id delectus a nihil autem. Ut quis voluptatibus totam.', 560, 'https://lorempixel.com/640/480/?20966', '#206be8', 3, '2019-09-06 01:04:10', '2019-09-06 01:04:10'),
(199, 2, 'culpa', 'Libero cum qui magnam hic eligendi alias rerum. Quo fugiat incidunt libero qui veritatis harum temporibus. Omnis ut aut deleniti ipsum. Impedit consequatur quos alias ea minima. Alias iusto vel provident ipsa et.', 792, 'https://lorempixel.com/640/480/?19258', '#453e3e', 1, '2019-09-06 01:04:10', '2019-09-06 01:04:10'),
(200, 5, 'dolorem', 'Perferendis eum et error minus magnam. Dolore beatae quam sed soluta. Eveniet ut id nam et eum sed dolore. Sunt quia et iusto natus porro dolore necessitatibus.', 518, 'https://lorempixel.com/640/480/?56868', '#8fe0d7', 2, '2019-09-06 01:04:10', '2019-09-06 01:04:10'),
(201, 8, 'officiis', 'Ut ut est delectus officia ab. Dolorem neque aliquid at possimus deserunt dolorem quia. Delectus sed hic asperiores nam. Rem vero eveniet optio explicabo voluptate eos inventore. Sint consequuntur distinctio maiores porro inventore aperiam autem quos.', 756, 'https://lorempixel.com/640/480/?30401', '#452b40', 4, '2019-09-06 01:04:11', '2019-09-06 01:04:11'),
(202, 7, 'mollitia', 'Minima sapiente autem autem laborum voluptatem. Eos nam facilis quas sed aliquam dolorem.', 973, 'https://lorempixel.com/640/480/?42257', '#c0b9a6', 5, '2019-09-06 01:04:11', '2019-09-06 01:04:11'),
(203, 6, 'iure', 'Maiores dolor eos porro magnam maiores officiis molestiae. Quia enim iste ducimus ut delectus aut. Officia non earum dolorum aut aut error fugiat.', 883, 'https://lorempixel.com/640/480/?85269', '#ce7fcc', 2, '2019-09-06 01:04:11', '2019-09-06 01:04:11'),
(204, 4, 'rerum', 'Ducimus iure maiores numquam. Rem et dolorem perferendis doloribus aut eum. Et saepe eaque aut in temporibus qui sint.', 355, 'https://lorempixel.com/640/480/?15904', '#7ea4eb', 3, '2019-09-06 01:04:11', '2019-09-06 01:04:11'),
(205, 3, 'assumenda', 'Quidem officiis ducimus laborum hic aut. Officia excepturi et omnis et ex illum eaque.', 376, 'https://lorempixel.com/640/480/?43362', '#e9e787', 4, '2019-09-06 01:04:11', '2019-09-06 01:04:11'),
(206, 4, 'dolore', 'Minus ducimus ut facere et. Occaecati rerum explicabo aut ad dolor nostrum ipsum assumenda. Consequatur quis cupiditate inventore fugiat quasi.', 373, 'https://lorempixel.com/640/480/?74517', '#08727b', 1, '2019-09-06 01:04:11', '2019-09-06 01:04:11'),
(207, 8, 'voluptas', 'Dolores illum laudantium odio autem dicta. Qui esse neque impedit. Magnam in quis et fuga et temporibus. Velit corrupti fugit quod dolor sint sit.', 428, 'https://lorempixel.com/640/480/?64644', '#b7d781', 5, '2019-09-06 01:04:11', '2019-09-06 01:04:11'),
(208, 6, 'soluta', 'Est rerum excepturi minima voluptate vel occaecati est. Repellat asperiores velit exercitationem aut molestiae alias sunt. Eligendi aut sed laudantium aut possimus dolorum voluptate sunt.', 790, 'https://lorempixel.com/640/480/?42190', '#195e3c', 5, '2019-09-06 01:04:11', '2019-09-06 01:04:11'),
(209, 4, 'quasi', 'Perferendis harum laborum totam quis sit non quae. Quia esse est odio aut doloribus. Repudiandae rerum quas sit non et vel et.', 114, 'https://lorempixel.com/640/480/?92974', '#8dffe1', 5, '2019-09-06 01:04:11', '2019-09-06 01:04:11'),
(210, 8, 'voluptatem', 'Architecto vero et delectus omnis. Qui rerum est molestias. Impedit ad sed dicta nisi numquam doloribus repellendus.', 150, 'https://lorempixel.com/640/480/?24324', '#816583', 1, '2019-09-06 01:04:11', '2019-09-06 01:04:11'),
(211, 6, 'odit', 'Ex quis laboriosam molestiae cupiditate amet. Nobis iste qui ex sapiente. Impedit accusantium tempore dignissimos et aperiam. Quis iure quisquam aut ipsum enim voluptates et.', 653, 'https://lorempixel.com/640/480/?11163', '#fa3e87', 2, '2019-09-06 01:04:11', '2019-09-06 01:04:11'),
(212, 2, 'omnis', 'Est asperiores autem non qui minima repudiandae. Corporis quaerat quo placeat cumque tempora accusamus. Unde qui aut non impedit minima numquam. Necessitatibus voluptates expedita quia quia ut.', 462, 'https://lorempixel.com/640/480/?67844', '#c4ddc0', 3, '2019-09-06 01:04:11', '2019-09-06 01:04:11'),
(213, 9, 'dolorem', 'Assumenda et libero labore voluptatem quo eveniet. Sunt qui voluptates magni possimus temporibus qui. Tempora non suscipit nobis ullam distinctio. Amet aspernatur nulla nemo et perferendis quisquam qui.', 347, 'https://lorempixel.com/640/480/?62111', '#cff578', 4, '2019-09-06 01:04:11', '2019-09-06 01:04:11'),
(214, 3, 'molestiae', 'Unde ut quidem quia qui. Harum et iste et. Quo esse nihil sequi vero eaque perferendis. Et provident optio deserunt dolor repudiandae sit.', 250, 'https://lorempixel.com/640/480/?41004', '#ef9cd6', 5, '2019-09-06 01:04:11', '2019-09-06 01:04:11'),
(215, 6, 'qui', 'Maiores est eveniet et tempora. Et beatae quia unde qui enim eum voluptatum.', 624, 'https://lorempixel.com/640/480/?26169', '#5ae42a', 4, '2019-09-06 01:04:11', '2019-09-06 01:04:11'),
(216, 10, 'ut', 'Quidem aut incidunt aliquam corrupti laudantium. Exercitationem eum qui eum in beatae. Ipsam aut voluptas pariatur illo.', 686, 'https://lorempixel.com/640/480/?29925', '#27cb38', 3, '2019-09-06 01:04:11', '2019-09-06 01:04:11'),
(217, 7, 'voluptatum', 'Accusantium quia ex nostrum nihil nulla ullam. Velit qui cupiditate et adipisci culpa ea possimus at. Quidem eligendi quo repudiandae.', 874, 'https://lorempixel.com/640/480/?86132', '#f1a9e9', 4, '2019-09-06 01:04:12', '2019-09-06 01:04:12'),
(218, 9, 'qui', 'Et quo at perferendis iste voluptatem. Reprehenderit consequatur beatae soluta animi voluptas.', 332, 'https://lorempixel.com/640/480/?15487', '#b7cd2c', 3, '2019-09-06 01:04:12', '2019-09-06 01:04:12'),
(219, 5, 'aut', 'Voluptates atque est qui est rerum quis et. Quam sunt corporis veritatis tempora. Voluptatum ducimus vero impedit sed pariatur architecto.', 852, 'https://lorempixel.com/640/480/?90850', '#7d91ce', 4, '2019-09-06 01:04:12', '2019-09-06 01:04:12'),
(220, 8, 'laborum', 'Nihil voluptas vitae ab in aperiam. Nostrum dolor dignissimos repellendus. Et beatae facere molestiae architecto aut aut.', 911, 'https://lorempixel.com/640/480/?54338', '#b1d03c', 4, '2019-09-06 01:04:12', '2019-09-06 01:04:12'),
(221, 3, 'et', 'Id soluta beatae reprehenderit voluptatem assumenda sed est. Vel rerum pariatur dicta vitae quis fugiat. Ut optio qui ad quam veritatis quae. Ea natus ut modi voluptas ab quis unde.', 474, 'https://lorempixel.com/640/480/?58650', '#33886f', 1, '2019-09-06 01:04:12', '2019-09-06 01:04:12'),
(222, 2, 'assumenda', 'Molestiae omnis quo tempora eveniet blanditiis distinctio. Ut in soluta sunt sapiente sunt quidem similique inventore. Voluptate sunt iste possimus iste.', 124, 'https://lorempixel.com/640/480/?16048', '#4fd088', 3, '2019-09-06 01:04:12', '2019-09-06 01:04:12'),
(223, 4, 'sit', 'Aspernatur unde molestiae voluptatem et sit voluptas. Reiciendis voluptas qui ducimus. Temporibus alias qui laborum et.', 951, 'https://lorempixel.com/640/480/?43914', '#53ee60', 1, '2019-09-06 01:04:12', '2019-09-06 01:04:12'),
(224, 5, 'tenetur', 'Similique et ut libero perferendis. Exercitationem blanditiis sed ducimus assumenda ducimus. Est voluptatem id exercitationem aut excepturi accusamus.', 709, 'https://lorempixel.com/640/480/?43186', '#bad6b5', 5, '2019-09-06 01:04:12', '2019-09-06 01:04:12'),
(225, 8, 'quisquam', 'Unde accusamus et cumque et fugiat deleniti fugit repudiandae. Odit dolores tenetur ab dolores est non.', 937, 'https://lorempixel.com/640/480/?63089', '#1157db', 4, '2019-09-06 01:04:12', '2019-09-06 01:04:12'),
(226, 10, 'eum', 'Odio consequatur dolor dolorum consequatur soluta. Esse quis sed dolor at ut id. Eos sint velit voluptas necessitatibus voluptas dolor repellendus.', 964, 'https://lorempixel.com/640/480/?68294', '#3fe2ee', 4, '2019-09-06 01:04:12', '2019-09-06 01:04:12'),
(227, 8, 'magni', 'Delectus quos numquam non ea. Minus maiores soluta unde labore. Nobis minus fugiat in alias fugit occaecati sed. Rem voluptatem cumque quia officiis non.', 272, 'https://lorempixel.com/640/480/?63062', '#89f887', 2, '2019-09-06 01:04:12', '2019-09-06 01:04:12'),
(228, 1, 'enim', 'Illo fugiat quam dolorum et perspiciatis quisquam porro. Dolorem labore totam architecto accusamus dignissimos velit. Qui qui quo iste quibusdam illum. Possimus tenetur pariatur dolorem assumenda maxime rerum.', 380, 'https://lorempixel.com/640/480/?18049', '#85f807', 2, '2019-09-06 01:04:12', '2019-09-06 01:04:12'),
(229, 7, 'sequi', 'Dolor quidem qui enim nesciunt nisi autem praesentium. Sint ea doloribus culpa iure. Dolorem nobis qui unde enim dolore.', 299, 'https://lorempixel.com/640/480/?36380', '#79c351', 2, '2019-09-06 01:04:12', '2019-09-06 01:04:12'),
(230, 9, 'in', 'Velit inventore ipsum in culpa dignissimos quo labore. Nesciunt officia ullam neque quidem itaque quo aliquid. Facere quia aut ratione possimus est nemo.', 739, 'https://lorempixel.com/640/480/?58648', '#56be19', 3, '2019-09-06 01:04:12', '2019-09-06 01:04:12'),
(231, 9, 'tenetur', 'Cum non aperiam consequatur voluptas. Inventore fugiat consequuntur qui consequatur. Fugiat adipisci dignissimos quaerat nobis in. Minima possimus nobis ut officia.', 854, 'https://lorempixel.com/640/480/?88513', '#13e70e', 3, '2019-09-06 01:04:12', '2019-09-06 01:04:12'),
(232, 4, 'et', 'Enim exercitationem quis rerum temporibus aliquam facilis libero. Consequatur sunt sunt possimus eum minus dignissimos. Eum nesciunt harum perferendis ab illo. Repudiandae molestiae quia deleniti labore sed sit voluptas.', 851, 'https://lorempixel.com/640/480/?42613', '#bca0db', 5, '2019-09-06 01:04:12', '2019-09-06 01:04:12'),
(233, 1, 'aliquid', 'In magnam voluptas blanditiis eos omnis est. Quis doloribus assumenda voluptas tempore asperiores omnis. Laboriosam et quia exercitationem fugiat eius odit est. Facilis qui nostrum et ut nesciunt enim.', 639, 'https://lorempixel.com/640/480/?23918', '#bc0066', 2, '2019-09-06 01:04:12', '2019-09-06 01:04:12'),
(234, 8, 'voluptates', 'Porro ad ut eos occaecati dolorum esse. Earum quae temporibus quos consequuntur et autem. Id aut facilis ullam laudantium et est iusto.', 248, 'https://lorempixel.com/640/480/?37806', '#0a4549', 3, '2019-09-06 01:04:12', '2019-09-06 01:04:12'),
(235, 10, 'beatae', 'Amet harum alias aut nisi nostrum voluptatibus corporis. Quod fuga voluptatem quam sit laudantium in quasi. At nam incidunt quo voluptatem tempora explicabo et.', 816, 'https://lorempixel.com/640/480/?55529', '#a90a17', 4, '2019-09-06 01:04:12', '2019-09-06 01:04:12'),
(236, 3, 'enim', 'Totam dolorem ab nemo porro reiciendis eaque in. Nihil et quam modi voluptatibus. Cumque similique assumenda error odio ex odio rerum.', 484, 'https://lorempixel.com/640/480/?20632', '#0683a7', 3, '2019-09-06 01:04:13', '2019-09-06 01:04:13'),
(237, 5, 'et', 'Delectus quibusdam quis laborum. Labore delectus quia corrupti voluptate. Neque totam dignissimos deserunt et rerum. Corrupti reiciendis officiis natus omnis omnis nam.', 616, 'https://lorempixel.com/640/480/?43842', '#682af6', 5, '2019-09-06 01:04:13', '2019-09-06 01:04:13'),
(238, 8, 'quidem', 'Est aut expedita dicta vero qui nisi. In rerum porro tenetur rerum. Ex eos quia fugit sint magnam.', 513, 'https://lorempixel.com/640/480/?88136', '#3506f3', 2, '2019-09-06 01:04:13', '2019-09-06 01:04:13'),
(239, 7, 'consequatur', 'Cum iste ut debitis sit occaecati. Dolore ducimus quae qui ratione ut. Minima id quod ratione saepe quia corporis. Qui libero rem sint porro.', 407, 'https://lorempixel.com/640/480/?56139', '#597887', 3, '2019-09-06 01:04:13', '2019-09-06 01:04:13'),
(240, 5, 'eos', 'Id corrupti quidem quia distinctio beatae perspiciatis optio. Eaque rem aut molestiae molestiae dolore laboriosam. Tenetur architecto et et.', 409, 'https://lorempixel.com/640/480/?25144', '#402bf0', 3, '2019-09-06 01:04:13', '2019-09-06 01:04:13'),
(241, 9, 'nostrum', 'Facere commodi autem in inventore non ut culpa. Hic at est odit saepe. Soluta autem et doloremque temporibus odio. Sunt ex commodi iure maxime et omnis optio.', 339, 'https://lorempixel.com/640/480/?74492', '#2d19b7', 3, '2019-09-06 01:04:13', '2019-09-06 01:04:13'),
(242, 1, 'rerum', 'Ut quo sed nihil ducimus. Dignissimos ut totam sit enim et est voluptate. Doloremque et et nostrum doloremque id quasi. Id perspiciatis excepturi id hic aut.', 487, 'https://lorempixel.com/640/480/?68613', '#3b8bf8', 1, '2019-09-06 01:04:13', '2019-09-06 01:04:13'),
(243, 10, 'repellat', 'Dolores corrupti est fugiat consectetur non. Odio maiores sequi ut quibusdam voluptatem ea vero.', 119, 'https://lorempixel.com/640/480/?21545', '#bedb5d', 3, '2019-09-06 01:04:13', '2019-09-06 01:04:13'),
(244, 2, 'natus', 'Nisi ex qui asperiores molestiae ut. Dolor est omnis ea quia et non eum tenetur. Natus in distinctio dolor repudiandae quia sunt consequuntur ullam.', 705, 'https://lorempixel.com/640/480/?99882', '#80c7b4', 4, '2019-09-06 01:04:13', '2019-09-06 01:04:13'),
(245, 2, 'facilis', 'Nihil reiciendis accusamus omnis occaecati fugiat consequuntur veniam. Ducimus et totam natus et voluptatem unde rem. Accusantium aut est saepe similique autem totam. Iusto aut quis suscipit vitae.', 450, 'https://lorempixel.com/640/480/?67621', '#982598', 2, '2019-09-06 01:04:13', '2019-09-06 01:04:13'),
(246, 10, 'vel', 'Excepturi voluptatibus temporibus eos possimus corrupti eum. Voluptatem voluptas officia dolorem voluptates. Quasi vero facere consequatur eaque odit possimus.', 156, 'https://lorempixel.com/640/480/?23785', '#041340', 4, '2019-09-06 01:04:13', '2019-09-06 01:04:13'),
(247, 3, 'quae', 'Dolorem quidem cupiditate eum molestias perspiciatis et sequi. Est aliquam consequatur culpa quam ab inventore hic. Iure aut quasi et non. Adipisci consequatur facilis est magnam.', 235, 'https://lorempixel.com/640/480/?80786', '#0162e8', 3, '2019-09-06 01:04:13', '2019-09-06 01:04:13'),
(248, 9, 'sint', 'Ut quo non dignissimos et explicabo nam minima dolorum. Odit qui numquam est reiciendis error perferendis. Et est similique sed amet aut optio aliquam. Adipisci sint velit iure consequatur eos non eum.', 269, 'https://lorempixel.com/640/480/?26655', '#d85afa', 5, '2019-09-06 01:04:13', '2019-09-06 01:04:13'),
(249, 9, 'ut', 'Assumenda placeat odit porro labore. Distinctio deleniti omnis voluptatem et totam quis. Aliquid aliquam consequatur repellendus et.', 870, 'https://lorempixel.com/640/480/?85664', '#a61cb0', 4, '2019-09-06 01:04:13', '2019-09-06 01:04:13'),
(250, 3, 'unde', 'Ut est libero fuga ab deserunt ut eum et. Consectetur quidem sequi alias voluptas voluptate ea repudiandae. Perferendis placeat sed delectus fugit totam. Est autem quos non vitae.', 633, 'https://lorempixel.com/640/480/?58644', '#acd0a6', 3, '2019-09-06 01:04:13', '2019-09-06 01:04:13'),
(251, 3, 'dolor', 'Et nihil dolores reprehenderit aut porro unde. Molestiae nobis quidem aut atque. Ipsum consequuntur laboriosam quis sunt aut beatae aut. Odit atque minima voluptas rerum quas.', 830, 'https://lorempixel.com/640/480/?76452', '#82de62', 3, '2019-09-06 01:04:13', '2019-09-06 01:04:13'),
(252, 4, 'voluptatem', 'Dolor laudantium consequuntur nihil corporis in praesentium. Totam omnis est et pariatur cupiditate dolor. Rerum quia voluptas labore autem incidunt nostrum quos.', 935, 'https://lorempixel.com/640/480/?48402', '#b041df', 3, '2019-09-06 01:04:13', '2019-09-06 01:04:13'),
(253, 1, 'unde', 'Inventore consequuntur ipsam saepe ex voluptatem id quasi. Voluptas est autem deleniti suscipit. Veritatis hic molestiae qui est est enim dolore. Alias necessitatibus consequatur ut aut voluptatem.', 828, 'https://lorempixel.com/640/480/?52700', '#f77715', 3, '2019-09-06 01:04:13', '2019-09-06 01:04:13'),
(254, 6, 'est', 'Ut laudantium natus dolore delectus et inventore quaerat. Qui perspiciatis asperiores autem magni. Fuga aut nihil doloribus reiciendis nesciunt cupiditate.', 179, 'https://lorempixel.com/640/480/?99562', '#5c773c', 1, '2019-09-06 01:04:13', '2019-09-06 01:04:13'),
(255, 5, 'iure', 'Et pariatur temporibus sed. Sed molestiae magni dolorem non. Occaecati illum ea qui ab hic nostrum ipsam. Cum quia et nemo ipsum cum placeat.', 598, 'https://lorempixel.com/640/480/?69348', '#671d26', 3, '2019-09-06 01:04:14', '2019-09-06 01:04:14'),
(256, 6, 'quibusdam', 'Maiores repellendus ipsum natus dolorem. Ab voluptates maxime voluptatem reiciendis aliquid maxime. Tempore et adipisci quis sed.', 115, 'https://lorempixel.com/640/480/?48024', '#e96b64', 3, '2019-09-06 01:04:14', '2019-09-06 01:04:14'),
(257, 4, 'consequuntur', 'Aliquid dolores debitis eum rerum aperiam. Rem id fugit id magni tempora nesciunt est animi. Suscipit non qui repellendus.', 330, 'https://lorempixel.com/640/480/?69161', '#94e4b5', 3, '2019-09-06 01:04:14', '2019-09-06 01:04:14'),
(258, 3, 'rerum', 'Soluta vitae rerum eaque nobis perferendis ut. Velit pariatur dicta sit minima id sed est sint. Et quaerat libero libero voluptas recusandae soluta vel. Aut fugiat ullam ad voluptatem quia temporibus neque.', 405, 'https://lorempixel.com/640/480/?99403', '#41fc1a', 1, '2019-09-06 01:04:14', '2019-09-06 01:04:14'),
(259, 5, 'quia', 'Consequatur illo nulla voluptatem omnis consequatur non. Qui esse non voluptas incidunt qui.', 245, 'https://lorempixel.com/640/480/?61245', '#883a1e', 2, '2019-09-06 01:04:14', '2019-09-06 01:04:14'),
(260, 9, 'sit', 'Laborum dolores dolor pariatur assumenda. At unde rerum dolores similique.', 716, 'https://lorempixel.com/640/480/?33028', '#d0fd48', 2, '2019-09-06 01:04:14', '2019-09-06 01:04:14'),
(261, 6, 'ducimus', 'Laudantium quos eveniet nemo. Nesciunt dolores odio rerum dignissimos dolore suscipit aperiam numquam. Accusantium corrupti quae impedit omnis dolorem.', 635, 'https://lorempixel.com/640/480/?78337', '#e02e5f', 2, '2019-09-06 01:04:14', '2019-09-06 01:04:14'),
(262, 8, 'voluptas', 'Sed ut commodi quisquam. Sequi ea minima aut eum qui possimus itaque. Et quibusdam eaque provident dolorum ab repellat.', 605, 'https://lorempixel.com/640/480/?72829', '#4ca4f0', 2, '2019-09-06 01:04:14', '2019-09-06 01:04:14'),
(263, 3, 'iste', 'Aut fugit aut ut molestiae amet placeat. Est est recusandae sunt exercitationem. Molestiae ut placeat est eos consequuntur.', 536, 'https://lorempixel.com/640/480/?95898', '#9b4b0e', 1, '2019-09-06 01:04:14', '2019-09-06 01:04:14'),
(264, 5, 'alias', 'Et ullam ipsam saepe qui voluptas illo ad. Assumenda atque consequatur repudiandae est. Et nesciunt accusamus sit ut sed. Eum maiores ipsam numquam quis molestiae aut praesentium.', 972, 'https://lorempixel.com/640/480/?76056', '#97e722', 2, '2019-09-06 01:04:14', '2019-09-06 01:04:14'),
(265, 8, 'assumenda', 'Aut odit molestias placeat laudantium. Impedit enim sed culpa voluptatum eveniet. Sapiente soluta velit qui aut qui ipsam sit.', 530, 'https://lorempixel.com/640/480/?54295', '#41acf4', 3, '2019-09-06 01:04:14', '2019-09-06 01:04:14'),
(266, 7, 'quia', 'Dolorum tempora molestiae veniam omnis quam labore. Est aliquam repellendus quis nisi qui ducimus asperiores. Ipsum sit aliquam assumenda consequatur expedita.', 275, 'https://lorempixel.com/640/480/?25331', '#191ca5', 1, '2019-09-06 01:04:14', '2019-09-06 01:04:14'),
(267, 1, 'fugiat', 'Eum quibusdam dolore quam et molestias eum id. Illum eos ea cum adipisci dolore voluptate veritatis. Numquam aut harum atque officiis nam provident.', 899, 'https://lorempixel.com/640/480/?75727', '#b3253d', 1, '2019-09-06 01:04:14', '2019-09-06 01:04:14'),
(268, 9, 'voluptas', 'Officia eos est sint voluptatibus reiciendis doloremque. Et est magnam quaerat aut. Ullam ut suscipit tenetur aperiam ullam et. Reprehenderit voluptatem modi ducimus rem accusantium.', 446, 'https://lorempixel.com/640/480/?57167', '#9745ac', 1, '2019-09-06 01:04:14', '2019-09-06 01:04:14'),
(269, 7, 'modi', 'Quae qui et consequatur culpa. Et animi officia dicta qui vitae ut. Eius id et natus aut quaerat.', 685, 'https://lorempixel.com/640/480/?77771', '#7b5eb7', 1, '2019-09-06 01:04:14', '2019-09-06 01:04:14'),
(270, 1, 'cupiditate', 'Ipsum aut repellat est neque expedita fugit fugit. Aperiam enim vero asperiores laborum laudantium pariatur quaerat. Nisi sapiente nisi ratione aut.', 172, 'https://lorempixel.com/640/480/?31853', '#86473e', 4, '2019-09-06 01:04:15', '2019-09-06 01:04:15'),
(271, 8, 'nemo', 'Eos iure ab at amet nesciunt illum repudiandae. Reprehenderit ipsum praesentium nulla deleniti inventore. Distinctio qui deserunt nulla aut et tenetur id. Ut est et vero qui tenetur molestiae ad laudantium.', 265, 'https://lorempixel.com/640/480/?99427', '#0ac03d', 1, '2019-09-06 01:04:15', '2019-09-06 01:04:15'),
(272, 3, 'dolorem', 'Voluptas dolor culpa doloremque maxime labore culpa. Perspiciatis aspernatur a tempore soluta architecto accusantium odio.', 818, 'https://lorempixel.com/640/480/?91096', '#c55f58', 5, '2019-09-06 01:04:15', '2019-09-06 01:04:15'),
(273, 3, 'fugit', 'Aut repudiandae illum nesciunt veniam odio quasi qui. Iste dolorum et maiores perspiciatis explicabo in. Quam enim omnis sit id voluptatibus et iusto sapiente. Unde laborum velit aut rerum. Aut qui voluptatibus quos omnis quam commodi.', 721, 'https://lorempixel.com/640/480/?20161', '#e4b25b', 3, '2019-09-06 01:04:15', '2019-09-06 01:04:15'),
(274, 10, 'eveniet', 'Laborum distinctio harum deleniti odit. Veniam possimus nam modi maiores maiores. Illo aspernatur molestiae sequi corporis.', 281, 'https://lorempixel.com/640/480/?13397', '#9938c6', 4, '2019-09-06 01:04:15', '2019-09-06 01:04:15'),
(275, 9, 'similique', 'Earum sed aut natus. Non commodi ullam aut sint aliquid cumque. Non et voluptatibus non aut quis.', 381, 'https://lorempixel.com/640/480/?99646', '#6d6c55', 1, '2019-09-06 01:04:15', '2019-09-06 01:04:15'),
(276, 9, 'neque', 'Aliquid veritatis odit pariatur praesentium. Occaecati et sit ut nesciunt soluta. Assumenda magni debitis quia quis optio. Porro optio excepturi rerum rerum.', 137, 'https://lorempixel.com/640/480/?33967', '#d96274', 3, '2019-09-06 01:04:15', '2019-09-06 01:04:15'),
(277, 6, 'nihil', 'Officia officiis sit beatae. Distinctio qui quibusdam blanditiis sunt sapiente quae. Doloremque qui vitae quis voluptatum earum dicta error animi.', 830, 'https://lorempixel.com/640/480/?68565', '#1e2e14', 5, '2019-09-06 01:04:15', '2019-09-06 01:04:15'),
(278, 10, 'asperiores', 'Adipisci eum sit possimus quis beatae voluptas omnis. Quod placeat delectus quia omnis minima pariatur voluptas. Sit animi architecto in totam iste maiores.', 785, 'https://lorempixel.com/640/480/?55719', '#0ffba3', 3, '2019-09-06 01:04:15', '2019-09-06 01:04:15'),
(279, 3, 'aut', 'Hic alias accusamus autem qui quis quia. Pariatur dicta eaque ut est dolore ut voluptatem. Explicabo nihil tempora aut non quae doloribus.', 416, 'https://lorempixel.com/640/480/?42637', '#f2d4f3', 2, '2019-09-06 01:04:15', '2019-09-06 01:04:15'),
(280, 3, 'molestias', 'Provident molestias iusto dolore autem. Id corrupti qui nisi saepe et deserunt voluptas iusto. Cupiditate dolorem blanditiis iusto. In vel enim excepturi a perspiciatis.', 926, 'https://lorempixel.com/640/480/?67097', '#5cc213', 3, '2019-09-06 01:04:15', '2019-09-06 01:04:15'),
(281, 5, 'laudantium', 'Rem enim ut non necessitatibus. Id qui possimus ipsa qui. Odio nemo quae quo voluptas quam. Sint rerum fugit dolore. Ea quisquam ratione minus fugiat voluptas.', 434, 'https://lorempixel.com/640/480/?25675', '#9e853c', 4, '2019-09-06 01:04:15', '2019-09-06 01:04:15'),
(282, 7, 'non', 'Molestiae dolorem perspiciatis nulla ad. Est fugit enim ut molestiae. Ullam sed vero quis consequatur. Incidunt aliquam molestias nihil et.', 738, 'https://lorempixel.com/640/480/?65211', '#a2d29d', 4, '2019-09-06 01:04:15', '2019-09-06 01:04:15'),
(283, 10, 'ab', 'Vitae est placeat distinctio totam sed aut. Maiores voluptate necessitatibus doloribus aperiam. In molestias et blanditiis pariatur et dolorem.', 205, 'https://lorempixel.com/640/480/?33596', '#2598a5', 5, '2019-09-06 01:04:16', '2019-09-06 01:04:16'),
(284, 8, 'facilis', 'Asperiores accusantium vitae inventore voluptas enim nobis. Et fuga libero culpa consequatur quod aut nam ut. Qui pariatur ad et quaerat ab architecto enim. Voluptates ea doloribus velit repudiandae.', 795, 'https://lorempixel.com/640/480/?74428', '#49fd5a', 3, '2019-09-06 01:04:16', '2019-09-06 01:04:16'),
(285, 3, 'molestiae', 'Dicta magni repudiandae aspernatur eligendi voluptatem rem. Placeat sunt autem ut non quo assumenda eligendi. Debitis provident quos deleniti. Et rerum sed repellendus maiores hic.', 403, 'https://lorempixel.com/640/480/?17883', '#9b2a44', 3, '2019-09-06 01:04:16', '2019-09-06 01:04:16'),
(286, 6, 'necessitatibus', 'Laudantium quis nemo sed corporis. Quisquam quod libero consequatur fugiat.', 521, 'https://lorempixel.com/640/480/?98126', '#a28962', 4, '2019-09-06 01:04:16', '2019-09-06 01:04:16'),
(287, 5, 'ipsam', 'Occaecati quos eos veritatis eveniet. Doloribus quisquam saepe nulla aut libero. Inventore nihil perferendis qui minus. Vel ut sint nisi quo necessitatibus qui voluptatem. Repellat et non sunt dignissimos illum molestiae inventore nobis.', 142, 'https://lorempixel.com/640/480/?78483', '#7ee93e', 3, '2019-09-06 01:04:16', '2019-09-06 01:04:16'),
(288, 4, 'cum', 'Nihil iusto illo et eius aspernatur at. Mollitia autem sed tenetur culpa quia hic. Repellat et dolores aperiam.', 416, 'https://lorempixel.com/640/480/?53491', '#41375b', 3, '2019-09-06 01:04:16', '2019-09-06 01:04:16'),
(289, 2, 'velit', 'Repellat earum quo eum et quas. Consequatur iusto quod aliquid et voluptates modi. Corporis eius laborum sunt tempore ut possimus labore. Soluta iste voluptas labore architecto asperiores dicta ut.', 940, 'https://lorempixel.com/640/480/?40276', '#0d1892', 3, '2019-09-06 01:04:16', '2019-09-06 01:04:16'),
(290, 5, 'omnis', 'Qui impedit omnis doloribus. Sequi magnam porro commodi ipsam fugiat nisi. Omnis voluptatem dolorem temporibus ex et odio asperiores.', 199, 'https://lorempixel.com/640/480/?15415', '#6a36c2', 1, '2019-09-06 01:04:16', '2019-09-06 01:04:16'),
(291, 3, 'eveniet', 'Exercitationem autem fugiat beatae voluptatibus odio soluta. Minima temporibus qui qui culpa dolore. Ut vitae deleniti illum non voluptatem mollitia.', 351, 'https://lorempixel.com/640/480/?50923', '#996336', 3, '2019-09-06 01:04:16', '2019-09-06 01:04:16'),
(292, 10, 'natus', 'Deserunt assumenda laboriosam ut neque dolores quae eos. Dolores corrupti consectetur quisquam dicta et iure assumenda. Eos magni laudantium eaque cumque. Ea at exercitationem qui nostrum.', 888, 'https://lorempixel.com/640/480/?19286', '#2af45e', 5, '2019-09-06 01:04:16', '2019-09-06 01:04:16'),
(293, 2, 'et', 'Porro aut et commodi in. Mollitia doloribus in beatae quas necessitatibus. Est voluptas aut quos nesciunt. Iste aliquid alias earum et vero.', 687, 'https://lorempixel.com/640/480/?96234', '#62e303', 2, '2019-09-06 01:04:16', '2019-09-06 01:04:16'),
(294, 6, 'et', 'Aliquam officiis quisquam amet eius nisi aut. Iusto necessitatibus alias commodi similique quasi. Tenetur consequatur corporis aut voluptatum culpa. Unde ex facere dignissimos quia sunt architecto.', 543, 'https://lorempixel.com/640/480/?52080', '#9697ae', 3, '2019-09-06 01:04:16', '2019-09-06 01:04:16'),
(295, 10, 'tempora', 'Eaque tempora eos in et consectetur quia provident. Voluptatem voluptatem maxime quo iusto aut voluptatibus. Natus ut enim et. Aut voluptatem nostrum voluptas repellat sit quos praesentium.', 780, 'https://lorempixel.com/640/480/?17724', '#b06e13', 1, '2019-09-06 01:04:16', '2019-09-06 01:04:16'),
(296, 4, 'velit', 'Possimus et qui aliquam mollitia. Exercitationem eum et sint molestias unde nam iste. Omnis minima deleniti ut soluta qui saepe explicabo reprehenderit. Accusantium quas est iusto magnam tempore molestiae ea doloribus. Sint et qui sunt fugiat officiis laboriosam voluptas.', 475, 'https://lorempixel.com/640/480/?56730', '#9aae83', 4, '2019-09-06 01:04:17', '2019-09-06 01:04:17'),
(297, 8, 'quisquam', 'Et occaecati quo voluptatum est. Aliquam quisquam occaecati laudantium rerum natus ipsa velit. Eum praesentium quia et nihil aperiam ipsum.', 106, 'https://lorempixel.com/640/480/?92529', '#eb186e', 3, '2019-09-06 01:04:17', '2019-09-06 01:04:17'),
(298, 4, 'est', 'Autem recusandae asperiores iure distinctio dolorem. Dolorum similique ad a impedit qui.', 960, 'https://lorempixel.com/640/480/?54452', '#eca43f', 3, '2019-09-06 01:04:17', '2019-09-06 01:04:17'),
(299, 9, 'dolore', 'Id optio id ut explicabo reiciendis. Eum possimus inventore aliquam ad occaecati.', 285, 'https://lorempixel.com/640/480/?47073', '#f61194', 1, '2019-09-06 01:04:17', '2019-09-06 01:04:17'),
(300, 6, 'dolores', 'Qui molestias dolores atque ab. Corrupti qui officia repellat mollitia ut fuga impedit id. Qui laudantium debitis non possimus accusantium officia nobis.', 585, 'https://lorempixel.com/640/480/?29586', '#701902', 4, '2019-09-06 01:04:17', '2019-09-06 01:04:17');

-- --------------------------------------------------------

--
-- Table structure for table `users`
--

CREATE TABLE `users` (
  `id` bigint(20) UNSIGNED NOT NULL,
  `name` varchar(191) COLLATE utf8mb4_unicode_ci NOT NULL,
  `email` varchar(191) COLLATE utf8mb4_unicode_ci NOT NULL,
  `email_verified_at` timestamp NULL DEFAULT NULL,
  `password` varchar(191) COLLATE utf8mb4_unicode_ci NOT NULL,
  `remember_token` varchar(100) COLLATE utf8mb4_unicode_ci DEFAULT NULL,
  `created_at` timestamp NULL DEFAULT NULL,
  `updated_at` timestamp NULL DEFAULT NULL
) ENGINE=InnoDB DEFAULT CHARSET=utf8mb4 COLLATE=utf8mb4_unicode_ci;

--
-- Dumping data for table `users`
--

INSERT INTO `users` (`id`, `name`, `email`, `email_verified_at`, `password`, `remember_token`, `created_at`, `updated_at`) VALUES
(1, 'Ian VonRueden', 'leuschke.laverna@example.net', '2019-09-06 01:03:57', '$2y$10$92IXUNpkjO0rOQ5byMi.Ye4oKoEa3Ro9llC/.og/at2.uheWG/igi', 'SyAXvJ7wXy', '2019-09-06 01:03:57', '2019-09-06 01:03:57'),
(2, 'Ramon Johns', 'kmohr@example.com', '2019-09-06 01:03:57', '$2y$10$92IXUNpkjO0rOQ5byMi.Ye4oKoEa3Ro9llC/.og/at2.uheWG/igi', 'VuX82fMDIL', '2019-09-06 01:03:57', '2019-09-06 01:03:57'),
(3, 'Tiara Kirlin', 'rodriguez.chad@example.com', '2019-09-06 01:03:57', '$2y$10$92IXUNpkjO0rOQ5byMi.Ye4oKoEa3Ro9llC/.og/at2.uheWG/igi', 'Lg3FeTwEIc', '2019-09-06 01:03:57', '2019-09-06 01:03:57'),
(4, 'Dr. Tad Becker', 'wisozk.ally@example.net', '2019-09-06 01:03:57', '$2y$10$92IXUNpkjO0rOQ5byMi.Ye4oKoEa3Ro9llC/.og/at2.uheWG/igi', 'l44EdGSIqb', '2019-09-06 01:03:57', '2019-09-06 01:03:57'),
(5, 'Murphy Hilpert', 'jacques.feest@example.com', '2019-09-06 01:03:57', '$2y$10$92IXUNpkjO0rOQ5byMi.Ye4oKoEa3Ro9llC/.og/at2.uheWG/igi', '9kI94X829f', '2019-09-06 01:03:57', '2019-09-06 01:03:57'),
(6, 'Lars Franco', 'wosu@mailinator.net', NULL, '$2y$10$spx3okOXx2oZszcCV5nXbeORc6CmV4XcOdOV4xXQuEqS4dVb68drS', NULL, '2019-09-06 08:06:00', '2019-09-06 08:06:00');

--
-- Indexes for dumped tables
--

--
-- Indexes for table `categories`
--
ALTER TABLE `categories`
  ADD PRIMARY KEY (`id`);

--
-- Indexes for table `migrations`
--
ALTER TABLE `migrations`
  ADD PRIMARY KEY (`id`);

--
-- Indexes for table `oauth_access_tokens`
--
ALTER TABLE `oauth_access_tokens`
  ADD PRIMARY KEY (`id`),
  ADD KEY `oauth_access_tokens_user_id_index` (`user_id`);

--
-- Indexes for table `oauth_auth_codes`
--
ALTER TABLE `oauth_auth_codes`
  ADD PRIMARY KEY (`id`);

--
-- Indexes for table `oauth_clients`
--
ALTER TABLE `oauth_clients`
  ADD PRIMARY KEY (`id`),
  ADD KEY `oauth_clients_user_id_index` (`user_id`);

--
-- Indexes for table `oauth_personal_access_clients`
--
ALTER TABLE `oauth_personal_access_clients`
  ADD PRIMARY KEY (`id`),
  ADD KEY `oauth_personal_access_clients_client_id_index` (`client_id`);

--
-- Indexes for table `oauth_refresh_tokens`
--
ALTER TABLE `oauth_refresh_tokens`
  ADD PRIMARY KEY (`id`),
  ADD KEY `oauth_refresh_tokens_access_token_id_index` (`access_token_id`);

--
-- Indexes for table `password_resets`
--
ALTER TABLE `password_resets`
  ADD KEY `password_resets_email_index` (`email`);

--
-- Indexes for table `products`
--
ALTER TABLE `products`
  ADD PRIMARY KEY (`id`),
  ADD KEY `products_category_id_index` (`category_id`),
  ADD KEY `products_user_id_index` (`user_id`);

--
-- Indexes for table `users`
--
ALTER TABLE `users`
  ADD PRIMARY KEY (`id`),
  ADD UNIQUE KEY `users_email_unique` (`email`);

--
-- AUTO_INCREMENT for dumped tables
--

--
-- AUTO_INCREMENT for table `categories`
--
ALTER TABLE `categories`
  MODIFY `id` bigint(20) UNSIGNED NOT NULL AUTO_INCREMENT, AUTO_INCREMENT=11;

--
-- AUTO_INCREMENT for table `migrations`
--
ALTER TABLE `migrations`
  MODIFY `id` int(10) UNSIGNED NOT NULL AUTO_INCREMENT, AUTO_INCREMENT=21;

--
-- AUTO_INCREMENT for table `oauth_clients`
--
ALTER TABLE `oauth_clients`
  MODIFY `id` int(10) UNSIGNED NOT NULL AUTO_INCREMENT, AUTO_INCREMENT=3;

--
-- AUTO_INCREMENT for table `oauth_personal_access_clients`
--
ALTER TABLE `oauth_personal_access_clients`
  MODIFY `id` int(10) UNSIGNED NOT NULL AUTO_INCREMENT, AUTO_INCREMENT=3;

--
-- AUTO_INCREMENT for table `products`
--
ALTER TABLE `products`
  MODIFY `id` bigint(20) UNSIGNED NOT NULL AUTO_INCREMENT, AUTO_INCREMENT=301;

--
-- AUTO_INCREMENT for table `users`
--
ALTER TABLE `users`
  MODIFY `id` bigint(20) UNSIGNED NOT NULL AUTO_INCREMENT, AUTO_INCREMENT=7;

--
-- Constraints for dumped tables
--

--
-- Constraints for table `products`
--
ALTER TABLE `products`
  ADD CONSTRAINT `products_category_id_foreign` FOREIGN KEY (`category_id`) REFERENCES `categories` (`id`);
COMMIT;

/*!40101 SET CHARACTER_SET_CLIENT=@OLD_CHARACTER_SET_CLIENT */;
/*!40101 SET CHARACTER_SET_RESULTS=@OLD_CHARACTER_SET_RESULTS */;
/*!40101 SET COLLATION_CONNECTION=@OLD_COLLATION_CONNECTION */;
